classifier,fold,val_accuracy,train_accuracy,best_k,best_params
NearestCentroid,0,0.6470588235294118,0.9393939393939394,607,"OrderedDict({'clf__shrink_threshold': 1.0, 'kruskal__k': 607})"
NearestCentroid,1,0.6363636363636364,0.8059701492537313,83,"OrderedDict({'clf__shrink_threshold': 1.5, 'kruskal__k': 83})"
NearestCentroid,2,0.696969696969697,0.7910447761194029,166,"OrderedDict({'clf__shrink_threshold': 2.0, 'kruskal__k': 166})"
NearestCentroid,3,0.8529411764705882,0.8939393939393939,83,"OrderedDict({'clf__shrink_threshold': 1.5, 'kruskal__k': 83})"
NearestCentroid,4,0.7878787878787878,0.9104477611940298,83,"OrderedDict({'clf__shrink_threshold': 1.5, 'kruskal__k': 83})"
NearestCentroid,5,0.6666666666666666,0.7164179104477612,198,"OrderedDict({'clf__shrink_threshold': 2.0, 'kruskal__k': 198})"
NearestCentroid,6,0.7058823529411765,0.8484848484848485,83,"OrderedDict({'clf__shrink_threshold': 2.0, 'kruskal__k': 83})"
NearestCentroid,7,0.6363636363636364,0.835820895522388,607,"OrderedDict({'clf__shrink_threshold': 0.75, 'kruskal__k': 607})"
NearestCentroid,8,0.5151515151515151,0.8805970149253731,160,"OrderedDict({'clf__shrink_threshold': 1.0, 'kruskal__k': 160})"
NearestCentroid,9,0.6764705882352942,0.9545454545454546,98,"OrderedDict({'clf__shrink_threshold': 1.5, 'kruskal__k': 98})"
NearestCentroid,10,0.7878787878787878,0.8955223880597015,83,"OrderedDict({'clf__shrink_threshold': 0.75, 'kruskal__k': 83})"
NearestCentroid,11,0.6060606060606061,0.7611940298507462,84,"OrderedDict({'clf__shrink_threshold': 1.5, 'kruskal__k': 84})"
NearestCentroid,12,0.8235294117647058,0.8787878787878788,100,"OrderedDict({'clf__shrink_threshold': 1.5, 'kruskal__k': 100})"
NearestCentroid,13,0.5757575757575758,0.8656716417910447,83,"OrderedDict({'clf__shrink_threshold': 1.5, 'kruskal__k': 83})"
NearestCentroid,14,0.696969696969697,0.8656716417910447,276,"OrderedDict({'clf__shrink_threshold': 0.75, 'kruskal__k': 276})"
NearestCentroid,15,0.7352941176470589,0.8787878787878788,83,"OrderedDict({'clf__shrink_threshold': 1.5, 'kruskal__k': 83})"
NearestCentroid,16,0.5757575757575758,0.8208955223880597,413,"OrderedDict({'clf__shrink_threshold': 1.0, 'kruskal__k': 413})"
NearestCentroid,17,0.7878787878787878,0.9552238805970149,607,"OrderedDict({'clf__shrink_threshold': 1.5, 'kruskal__k': 607})"
NearestCentroid,18,0.8529411764705882,0.9242424242424242,83,"OrderedDict({'clf__shrink_threshold': 1.5, 'kruskal__k': 83})"
NearestCentroid,19,0.6363636363636364,0.9104477611940298,83,"OrderedDict({'clf__shrink_threshold': 1.5, 'kruskal__k': 83})"
NearestCentroid,20,0.7272727272727273,0.8507462686567164,83,"OrderedDict({'clf__shrink_threshold': 1.5, 'kruskal__k': 83})"
NearestCentroid,21,0.6764705882352942,0.8636363636363636,83,"OrderedDict({'clf__shrink_threshold': 1.5, 'kruskal__k': 83})"
NearestCentroid,22,0.6363636363636364,0.8059701492537313,160,"OrderedDict({'clf__shrink_threshold': 1.5, 'kruskal__k': 160})"
NearestCentroid,23,0.7878787878787878,0.8955223880597015,471,"OrderedDict({'clf__shrink_threshold': 1.5, 'kruskal__k': 471})"
NearestCentroid,24,0.7352941176470589,0.9393939393939394,308,"OrderedDict({'clf__shrink_threshold': 1.5, 'kruskal__k': 308})"
NearestCentroid,25,0.7575757575757576,0.7611940298507462,83,"OrderedDict({'clf__shrink_threshold': 1.0, 'kruskal__k': 83})"
NearestCentroid,26,0.6363636363636364,0.9253731343283582,166,"OrderedDict({'clf__shrink_threshold': 1.0, 'kruskal__k': 166})"
NearestCentroid,27,0.6470588235294118,0.8181818181818182,186,"OrderedDict({'clf__shrink_threshold': 0.25, 'kruskal__k': 186})"
NearestCentroid,28,0.696969696969697,0.746268656716418,161,"OrderedDict({'clf__shrink_threshold': 2.0, 'kruskal__k': 161})"
NearestCentroid,29,0.7878787878787878,0.7910447761194029,412,"OrderedDict({'clf__shrink_threshold': 2.0, 'kruskal__k': 412})"
NearestCentroid,30,0.6470588235294118,0.6363636363636364,196,"OrderedDict({'clf__shrink_threshold': 2.0, 'kruskal__k': 196})"
NearestCentroid,31,0.6060606060606061,0.8507462686567164,83,"OrderedDict({'clf__shrink_threshold': 1.5, 'kruskal__k': 83})"
NearestCentroid,32,0.6060606060606061,0.8805970149253731,132,"OrderedDict({'clf__shrink_threshold': 1.5, 'kruskal__k': 132})"
NearestCentroid,33,0.6176470588235294,0.9090909090909091,83,"OrderedDict({'clf__shrink_threshold': 1.5, 'kruskal__k': 83})"
NearestCentroid,34,0.7575757575757576,0.9253731343283582,298,"OrderedDict({'clf__shrink_threshold': 1.5, 'kruskal__k': 298})"
NearestCentroid,35,0.6060606060606061,0.7761194029850746,143,"OrderedDict({'clf__shrink_threshold': 2.0, 'kruskal__k': 143})"
NearestCentroid,36,0.5882352941176471,0.9242424242424242,607,"OrderedDict({'clf__shrink_threshold': 0.5, 'kruskal__k': 607})"
NearestCentroid,37,0.7272727272727273,0.9402985074626866,506,"OrderedDict({'clf__shrink_threshold': 1.5, 'kruskal__k': 506})"
NearestCentroid,38,0.5151515151515151,0.7313432835820896,83,"OrderedDict({'clf__shrink_threshold': 1.5, 'kruskal__k': 83})"
NearestCentroid,39,0.7647058823529411,0.9090909090909091,240,"OrderedDict({'clf__shrink_threshold': 1.0, 'kruskal__k': 240})"
NearestCentroid,40,0.7575757575757576,0.8656716417910447,83,"OrderedDict({'clf__shrink_threshold': 1.5, 'kruskal__k': 83})"
NearestCentroid,41,0.5757575757575758,0.7164179104477612,519,"OrderedDict({'clf__shrink_threshold': 2.0, 'kruskal__k': 519})"
NearestCentroid,42,0.6764705882352942,0.8333333333333334,565,"OrderedDict({'clf__shrink_threshold': 0.75, 'kruskal__k': 565})"
NearestCentroid,43,0.5757575757575758,0.8805970149253731,83,"OrderedDict({'clf__shrink_threshold': 2.0, 'kruskal__k': 83})"
NearestCentroid,44,0.7575757575757576,0.835820895522388,335,"OrderedDict({'clf__shrink_threshold': 1.5, 'kruskal__k': 335})"
NearestCentroid,45,0.7058823529411765,0.9545454545454546,607,"OrderedDict({'clf__shrink_threshold': 1.5, 'kruskal__k': 607})"
NearestCentroid,46,0.6666666666666666,0.8507462686567164,536,"OrderedDict({'clf__shrink_threshold': 1.0, 'kruskal__k': 536})"
NearestCentroid,47,0.7878787878787878,0.9253731343283582,83,"OrderedDict({'clf__shrink_threshold': 1.5, 'kruskal__k': 83})"
NearestCentroid,48,0.6470588235294118,0.8636363636363636,83,"OrderedDict({'clf__shrink_threshold': 1.5, 'kruskal__k': 83})"
NearestCentroid,49,0.6666666666666666,0.9402985074626866,84,"OrderedDict({'clf__shrink_threshold': 1.5, 'kruskal__k': 84})"
NearestCentroid,50,0.6060606060606061,0.835820895522388,86,"OrderedDict({'clf__shrink_threshold': 1.5, 'kruskal__k': 86})"
NearestCentroid,51,0.7058823529411765,0.8333333333333334,165,"OrderedDict({'clf__shrink_threshold': 0.75, 'kruskal__k': 165})"
NearestCentroid,52,0.6666666666666666,0.9253731343283582,334,"OrderedDict({'clf__shrink_threshold': 1.5, 'kruskal__k': 334})"
NearestCentroid,53,0.696969696969697,0.9104477611940298,594,"OrderedDict({'clf__shrink_threshold': 1.5, 'kruskal__k': 594})"
NearestCentroid,54,0.5588235294117647,0.9090909090909091,607,"OrderedDict({'clf__shrink_threshold': 0.75, 'kruskal__k': 607})"
NearestCentroid,55,0.5454545454545454,0.6865671641791045,607,"OrderedDict({'clf__shrink_threshold': 2.0, 'kruskal__k': 607})"
NearestCentroid,56,0.7878787878787878,0.835820895522388,281,"OrderedDict({'clf__shrink_threshold': 1.0, 'kruskal__k': 281})"
NearestCentroid,57,0.6764705882352942,0.7727272727272727,498,"OrderedDict({'clf__shrink_threshold': 2.0, 'kruskal__k': 498})"
NearestCentroid,58,0.5757575757575758,0.7313432835820896,367,"OrderedDict({'clf__shrink_threshold': 2.0, 'kruskal__k': 367})"
NearestCentroid,59,0.7575757575757576,0.8955223880597015,210,"OrderedDict({'clf__shrink_threshold': 1.5, 'kruskal__k': 210})"
NearestCentroid,60,0.5882352941176471,0.7878787878787878,304,"OrderedDict({'clf__shrink_threshold': 1.5, 'kruskal__k': 304})"
NearestCentroid,61,0.6666666666666666,0.7611940298507462,436,"OrderedDict({'clf__shrink_threshold': 2.0, 'kruskal__k': 436})"
NearestCentroid,62,0.7575757575757576,0.9402985074626866,530,"OrderedDict({'clf__shrink_threshold': 0.25, 'kruskal__k': 530})"
NearestCentroid,63,0.5,0.8181818181818182,145,"OrderedDict({'clf__shrink_threshold': 1.5, 'kruskal__k': 145})"
NearestCentroid,64,0.696969696969697,0.8507462686567164,195,"OrderedDict({'clf__shrink_threshold': 1.0, 'kruskal__k': 195})"
NearestCentroid,65,0.8787878787878788,0.8955223880597015,380,"OrderedDict({'clf__shrink_threshold': 1.5, 'kruskal__k': 380})"
NearestCentroid,66,0.8235294117647058,0.8939393939393939,83,"OrderedDict({'clf__shrink_threshold': 1.5, 'kruskal__k': 83})"
NearestCentroid,67,0.7878787878787878,0.9253731343283582,83,"OrderedDict({'clf__shrink_threshold': 1.5, 'kruskal__k': 83})"
NearestCentroid,68,0.6363636363636364,0.746268656716418,330,"OrderedDict({'clf__shrink_threshold': 2.0, 'kruskal__k': 330})"
NearestCentroid,69,0.6176470588235294,0.803030303030303,156,"OrderedDict({'clf__shrink_threshold': 1.5, 'kruskal__k': 156})"
NearestCentroid,70,0.8181818181818182,0.8955223880597015,276,"OrderedDict({'clf__shrink_threshold': 1.5, 'kruskal__k': 276})"
NearestCentroid,71,0.696969696969697,0.8507462686567164,83,"OrderedDict({'clf__shrink_threshold': 1.5, 'kruskal__k': 83})"
NearestCentroid,72,0.7058823529411765,0.803030303030303,147,"OrderedDict({'clf__shrink_threshold': 2.0, 'kruskal__k': 147})"
NearestCentroid,73,0.8787878787878788,0.8656716417910447,387,"OrderedDict({'clf__shrink_threshold': 1.5, 'kruskal__k': 387})"
NearestCentroid,74,0.6363636363636364,0.8805970149253731,83,"OrderedDict({'clf__shrink_threshold': 1.5, 'kruskal__k': 83})"
NearestCentroid,75,0.7352941176470589,0.8939393939393939,425,"OrderedDict({'clf__shrink_threshold': 1.0, 'kruskal__k': 425})"
NearestCentroid,76,0.8787878787878788,0.9402985074626866,123,"OrderedDict({'clf__shrink_threshold': 1.5, 'kruskal__k': 123})"
NearestCentroid,77,0.7878787878787878,0.8805970149253731,102,"OrderedDict({'clf__shrink_threshold': 1.5, 'kruskal__k': 102})"
NearestCentroid,78,0.6764705882352942,0.9090909090909091,396,"OrderedDict({'clf__shrink_threshold': 1.5, 'kruskal__k': 396})"
NearestCentroid,79,0.5454545454545454,0.7910447761194029,143,"OrderedDict({'clf__shrink_threshold': 2.0, 'kruskal__k': 143})"
NearestCentroid,80,0.5757575757575758,0.746268656716418,607,"OrderedDict({'clf__shrink_threshold': 2.0, 'kruskal__k': 607})"
NearestCentroid,81,0.7647058823529411,0.8939393939393939,521,"OrderedDict({'clf__shrink_threshold': 1.5, 'kruskal__k': 521})"
NearestCentroid,82,0.8181818181818182,0.9253731343283582,434,"OrderedDict({'clf__shrink_threshold': 1.5, 'kruskal__k': 434})"
NearestCentroid,83,0.5757575757575758,0.8656716417910447,95,"OrderedDict({'clf__shrink_threshold': 0.1, 'kruskal__k': 95})"
NearestCentroid,84,0.5,0.8484848484848485,249,"OrderedDict({'clf__shrink_threshold': 1.5, 'kruskal__k': 249})"
NearestCentroid,85,0.7272727272727273,0.9253731343283582,83,"OrderedDict({'clf__shrink_threshold': 1.5, 'kruskal__k': 83})"
NearestCentroid,86,0.7272727272727273,0.835820895522388,83,"OrderedDict({'clf__shrink_threshold': 1.5, 'kruskal__k': 83})"
NearestCentroid,87,0.6470588235294118,0.9090909090909091,458,"OrderedDict({'clf__shrink_threshold': 1.5, 'kruskal__k': 458})"
NearestCentroid,88,0.6666666666666666,0.7761194029850746,202,"OrderedDict({'clf__shrink_threshold': 2.0, 'kruskal__k': 202})"
NearestCentroid,89,0.45454545454545453,0.7761194029850746,83,"OrderedDict({'clf__shrink_threshold': 1.5, 'kruskal__k': 83})"
SVM_linear,0,0.7647058823529411,1.0,83,"OrderedDict({'clf__C': 1.225853491690883, 'kruskal__k': 83})"
SVM_linear,1,0.7575757575757576,0.9850746268656716,119,"OrderedDict({'clf__C': 0.6270972664750859, 'kruskal__k': 119})"
SVM_linear,2,0.6666666666666666,0.9701492537313433,164,"OrderedDict({'clf__C': 0.029474746183613332, 'kruskal__k': 164})"
SVM_linear,3,0.6764705882352942,1.0,360,"OrderedDict({'clf__C': 3.070506229675469, 'kruskal__k': 360})"
SVM_linear,4,0.5757575757575758,1.0,327,"OrderedDict({'clf__C': 2.115180229697795, 'kruskal__k': 327})"
SVM_linear,5,0.696969696969697,1.0,86,"OrderedDict({'clf__C': 16.8153506890926, 'kruskal__k': 86})"
SVM_linear,6,0.6470588235294118,1.0,95,"OrderedDict({'clf__C': 61.661528711584914, 'kruskal__k': 95})"
SVM_linear,7,0.6666666666666666,1.0,144,"OrderedDict({'clf__C': 9.089318543797475, 'kruskal__k': 144})"
SVM_linear,8,0.6666666666666666,0.9701492537313433,607,"OrderedDict({'clf__C': 0.001781498150329494, 'kruskal__k': 607})"
SVM_linear,9,0.6176470588235294,0.9696969696969697,607,"OrderedDict({'clf__C': 0.005327192993365734, 'kruskal__k': 607})"
SVM_linear,10,0.696969696969697,1.0,83,"OrderedDict({'clf__C': 100.0, 'kruskal__k': 83})"
SVM_linear,11,0.8484848484848485,1.0,106,"OrderedDict({'clf__C': 100.0, 'kruskal__k': 106})"
SVM_linear,12,0.8529411764705882,0.9848484848484849,83,"OrderedDict({'clf__C': 0.2874267246488818, 'kruskal__k': 83})"
SVM_linear,13,0.696969696969697,0.9104477611940298,178,"OrderedDict({'clf__C': 0.011401723782578903, 'kruskal__k': 178})"
SVM_linear,14,0.6666666666666666,1.0,83,"OrderedDict({'clf__C': 100.0, 'kruskal__k': 83})"
SVM_linear,15,0.6764705882352942,0.9393939393939394,83,"OrderedDict({'clf__C': 0.03670044492251928, 'kruskal__k': 83})"
SVM_linear,16,0.7878787878787878,1.0,196,"OrderedDict({'clf__C': 100.0, 'kruskal__k': 196})"
SVM_linear,17,0.5454545454545454,1.0,421,"OrderedDict({'clf__C': 0.0850056519405137, 'kruskal__k': 421})"
SVM_linear,18,0.7352941176470589,1.0,83,"OrderedDict({'clf__C': 4.986927290838126, 'kruskal__k': 83})"
SVM_linear,19,0.7272727272727273,0.9104477611940298,607,"OrderedDict({'clf__C': 0.001, 'kruskal__k': 607})"
SVM_linear,20,0.7575757575757576,0.9552238805970149,83,"OrderedDict({'clf__C': 0.04791858835175447, 'kruskal__k': 83})"
SVM_linear,21,0.8235294117647058,0.9848484848484849,83,"OrderedDict({'clf__C': 50.62826017546133, 'kruskal__k': 83})"
SVM_linear,22,0.6363636363636364,1.0,83,"OrderedDict({'clf__C': 4.327293446353672, 'kruskal__k': 83})"
SVM_linear,23,0.6060606060606061,1.0,350,"OrderedDict({'clf__C': 0.009855945031280412, 'kruskal__k': 350})"
SVM_linear,24,0.7941176470588235,0.9848484848484849,83,"OrderedDict({'clf__C': 0.3640260427177713, 'kruskal__k': 83})"
SVM_linear,25,0.7575757575757576,1.0,161,"OrderedDict({'clf__C': 8.55111422644509, 'kruskal__k': 161})"
SVM_linear,26,0.696969696969697,1.0,147,"OrderedDict({'clf__C': 27.849912134966957, 'kruskal__k': 147})"
SVM_linear,27,0.6764705882352942,0.9848484848484849,87,"OrderedDict({'clf__C': 91.40292392941166, 'kruskal__k': 87})"
SVM_linear,28,0.696969696969697,0.9850746268656716,388,"OrderedDict({'clf__C': 0.023860505972442145, 'kruskal__k': 388})"
SVM_linear,29,0.8181818181818182,1.0,95,"OrderedDict({'clf__C': 100.0, 'kruskal__k': 95})"
SVM_linear,30,0.7352941176470589,0.9242424242424242,537,"OrderedDict({'clf__C': 0.001, 'kruskal__k': 537})"
SVM_linear,31,0.7878787878787878,1.0,127,"OrderedDict({'clf__C': 0.7518127717788782, 'kruskal__k': 127})"
SVM_linear,32,0.696969696969697,0.9850746268656716,607,"OrderedDict({'clf__C': 0.0031860020442478765, 'kruskal__k': 607})"
SVM_linear,33,0.6470588235294118,0.9848484848484849,607,"OrderedDict({'clf__C': 0.007387095397263305, 'kruskal__k': 607})"
SVM_linear,34,0.7575757575757576,1.0,85,"OrderedDict({'clf__C': 2.1171175237426807, 'kruskal__k': 85})"
SVM_linear,35,0.696969696969697,1.0,133,"OrderedDict({'clf__C': 3.9876005390208187, 'kruskal__k': 133})"
SVM_linear,36,0.6176470588235294,1.0,187,"OrderedDict({'clf__C': 0.0147431312745395, 'kruskal__k': 187})"
SVM_linear,37,0.7272727272727273,0.9552238805970149,607,"OrderedDict({'clf__C': 0.004996890237413098, 'kruskal__k': 607})"
SVM_linear,38,0.8484848484848485,0.9701492537313433,83,"OrderedDict({'clf__C': 0.20053918661556291, 'kruskal__k': 83})"
SVM_linear,39,0.7058823529411765,1.0,148,"OrderedDict({'clf__C': 2.33029095112729, 'kruskal__k': 148})"
SVM_linear,40,0.8181818181818182,1.0,175,"OrderedDict({'clf__C': 100.0, 'kruskal__k': 175})"
SVM_linear,41,0.7272727272727273,1.0,519,"OrderedDict({'clf__C': 28.70495090525304, 'kruskal__k': 519})"
SVM_linear,42,0.7647058823529411,1.0,83,"OrderedDict({'clf__C': 100.0, 'kruskal__k': 83})"
SVM_linear,43,0.696969696969697,1.0,147,"OrderedDict({'clf__C': 26.91976997848344, 'kruskal__k': 147})"
SVM_linear,44,0.7272727272727273,0.9701492537313433,264,"OrderedDict({'clf__C': 0.008917102379917285, 'kruskal__k': 264})"
SVM_linear,45,0.7352941176470589,1.0,204,"OrderedDict({'clf__C': 9.466343375592917, 'kruskal__k': 204})"
SVM_linear,46,0.7272727272727273,1.0,298,"OrderedDict({'clf__C': 0.9486385025359854, 'kruskal__k': 298})"
SVM_linear,47,0.696969696969697,1.0,89,"OrderedDict({'clf__C': 93.0537895685389, 'kruskal__k': 89})"
SVM_linear,48,0.47058823529411764,0.9848484848484849,93,"OrderedDict({'clf__C': 27.692550637025317, 'kruskal__k': 93})"
SVM_linear,49,0.7272727272727273,1.0,84,"OrderedDict({'clf__C': 3.664948582436569, 'kruskal__k': 84})"
SVM_linear,50,0.5757575757575758,0.9701492537313433,340,"OrderedDict({'clf__C': 0.005102500236275395, 'kruskal__k': 340})"
SVM_linear,51,0.8529411764705882,0.9848484848484849,107,"OrderedDict({'clf__C': 6.722394562870175, 'kruskal__k': 107})"
SVM_linear,52,0.7272727272727273,0.9552238805970149,558,"OrderedDict({'clf__C': 0.0027686967607900557, 'kruskal__k': 558})"
SVM_linear,53,0.7272727272727273,0.9701492537313433,83,"OrderedDict({'clf__C': 0.052203606590342566, 'kruskal__k': 83})"
SVM_linear,54,0.6176470588235294,0.9848484848484849,111,"OrderedDict({'clf__C': 0.2866202667378351, 'kruskal__k': 111})"
SVM_linear,55,0.696969696969697,0.9850746268656716,83,"OrderedDict({'clf__C': 0.7709795571051098, 'kruskal__k': 83})"
SVM_linear,56,0.8181818181818182,0.9701492537313433,83,"OrderedDict({'clf__C': 0.3758675440075099, 'kruskal__k': 83})"
SVM_linear,57,0.7058823529411765,1.0,248,"OrderedDict({'clf__C': 0.24710760255532105, 'kruskal__k': 248})"
SVM_linear,58,0.7878787878787878,1.0,116,"OrderedDict({'clf__C': 45.1361914233798, 'kruskal__k': 116})"
SVM_linear,59,0.696969696969697,1.0,495,"OrderedDict({'clf__C': 2.589391160217633, 'kruskal__k': 495})"
SVM_linear,60,0.5882352941176471,1.0,125,"OrderedDict({'clf__C': 47.65562647356231, 'kruskal__k': 125})"
SVM_linear,61,0.7575757575757576,1.0,83,"OrderedDict({'clf__C': 36.840567971840876, 'kruskal__k': 83})"
SVM_linear,62,0.7878787878787878,0.9850746268656716,350,"OrderedDict({'clf__C': 0.002287099359306925, 'kruskal__k': 350})"
SVM_linear,63,0.5294117647058824,1.0,290,"OrderedDict({'clf__C': 1.1243067806632507, 'kruskal__k': 290})"
SVM_linear,64,0.7272727272727273,0.9552238805970149,83,"OrderedDict({'clf__C': 0.08816425084776582, 'kruskal__k': 83})"
SVM_linear,65,0.7878787878787878,1.0,154,"OrderedDict({'clf__C': 1.775204705884581, 'kruskal__k': 154})"
SVM_linear,66,0.7352941176470589,1.0,343,"OrderedDict({'clf__C': 13.30971867810215, 'kruskal__k': 343})"
SVM_linear,67,0.7272727272727273,0.9701492537313433,499,"OrderedDict({'clf__C': 0.0032216410534842647, 'kruskal__k': 499})"
SVM_linear,68,0.6666666666666666,1.0,125,"OrderedDict({'clf__C': 100.0, 'kruskal__k': 125})"
SVM_linear,69,0.8823529411764706,1.0,89,"OrderedDict({'clf__C': 1.583043344541089, 'kruskal__k': 89})"
SVM_linear,70,0.7878787878787878,0.9701492537313433,131,"OrderedDict({'clf__C': 0.035442584068752815, 'kruskal__k': 131})"
SVM_linear,71,0.8181818181818182,0.9552238805970149,468,"OrderedDict({'clf__C': 0.003609632568339537, 'kruskal__k': 468})"
SVM_linear,72,0.8823529411764706,0.9848484848484849,140,"OrderedDict({'clf__C': 5.865256953229957, 'kruskal__k': 140})"
SVM_linear,73,0.7272727272727273,1.0,83,"OrderedDict({'clf__C': 100.0, 'kruskal__k': 83})"
SVM_linear,74,0.6060606060606061,0.9552238805970149,300,"OrderedDict({'clf__C': 0.0023885283421581703, 'kruskal__k': 300})"
SVM_linear,75,0.7352941176470589,0.9848484848484849,83,"OrderedDict({'clf__C': 9.22060460383879, 'kruskal__k': 83})"
SVM_linear,76,0.6363636363636364,1.0,97,"OrderedDict({'clf__C': 1.1289194363055204, 'kruskal__k': 97})"
SVM_linear,77,0.696969696969697,1.0,96,"OrderedDict({'clf__C': 100.0, 'kruskal__k': 96})"
SVM_linear,78,0.7647058823529411,1.0,139,"OrderedDict({'clf__C': 13.167280746665792, 'kruskal__k': 139})"
SVM_linear,79,0.5757575757575758,0.9850746268656716,144,"OrderedDict({'clf__C': 0.11200680888135306, 'kruskal__k': 144})"
SVM_linear,80,0.7272727272727273,0.9552238805970149,561,"OrderedDict({'clf__C': 0.003643302793158416, 'kruskal__k': 561})"
SVM_linear,81,0.7352941176470589,1.0,279,"OrderedDict({'clf__C': 0.19005300000627234, 'kruskal__k': 279})"
SVM_linear,82,0.8181818181818182,0.9701492537313433,106,"OrderedDict({'clf__C': 5.371343421992514, 'kruskal__k': 106})"
SVM_linear,83,0.7272727272727273,0.9104477611940298,95,"OrderedDict({'clf__C': 0.006149862718505428, 'kruskal__k': 95})"
SVM_linear,84,0.7058823529411765,1.0,85,"OrderedDict({'clf__C': 96.39117439139483, 'kruskal__k': 85})"
SVM_linear,85,0.696969696969697,0.9850746268656716,83,"OrderedDict({'clf__C': 0.8056766915429636, 'kruskal__k': 83})"
SVM_linear,86,0.6666666666666666,0.9552238805970149,491,"OrderedDict({'clf__C': 0.0020103935805426184, 'kruskal__k': 491})"
SVM_linear,87,0.7647058823529411,1.0,83,"OrderedDict({'clf__C': 0.6730856031299125, 'kruskal__k': 83})"
SVM_linear,88,0.6363636363636364,0.9253731343283582,531,"OrderedDict({'clf__C': 0.001, 'kruskal__k': 531})"
SVM_linear,89,0.7272727272727273,0.9850746268656716,90,"OrderedDict({'clf__C': 15.976602978637564, 'kruskal__k': 90})"
SVM_RBF,0,0.6470588235294118,1.0,83,"OrderedDict({'clf__C': 66.06713404515706, 'clf__gamma': 'scale', 'kruskal__k': 83})"
SVM_RBF,1,0.7272727272727273,0.9850746268656716,97,"OrderedDict({'clf__C': 32.41458962210912, 'clf__gamma': 'auto', 'kruskal__k': 97})"
SVM_RBF,2,0.5454545454545454,1.0,494,"OrderedDict({'clf__C': 29.010404460874035, 'clf__gamma': 'auto', 'kruskal__k': 494})"
SVM_RBF,3,0.8529411764705882,1.0,83,"OrderedDict({'clf__C': 100.0, 'clf__gamma': 0.001, 'kruskal__k': 83})"
SVM_RBF,4,0.7575757575757576,0.9552238805970149,83,"OrderedDict({'clf__C': 48.64248735926903, 'clf__gamma': 0.001, 'kruskal__k': 83})"
SVM_RBF,5,0.7272727272727273,1.0,96,"OrderedDict({'clf__C': 41.73046801168927, 'clf__gamma': 'auto', 'kruskal__k': 96})"
SVM_RBF,6,0.6764705882352942,0.9848484848484849,495,"OrderedDict({'clf__C': 1.5001770047006635, 'clf__gamma': 'scale', 'kruskal__k': 495})"
SVM_RBF,7,0.6060606060606061,0.9850746268656716,83,"OrderedDict({'clf__C': 100.0, 'clf__gamma': 0.001, 'kruskal__k': 83})"
SVM_RBF,8,0.6363636363636364,0.9701492537313433,607,"OrderedDict({'clf__C': 2.927037624847042, 'clf__gamma': 'scale', 'kruskal__k': 607})"
SVM_RBF,9,0.5588235294117647,0.9696969696969697,607,"OrderedDict({'clf__C': 1.6564271387742289, 'clf__gamma': 'auto', 'kruskal__k': 607})"
SVM_RBF,10,0.7878787878787878,1.0,83,"OrderedDict({'clf__C': 100.0, 'clf__gamma': 0.01, 'kruskal__k': 83})"
SVM_RBF,11,0.7575757575757576,0.9701492537313433,607,"OrderedDict({'clf__C': 1.9846181708074353, 'clf__gamma': 0.001, 'kruskal__k': 607})"
SVM_RBF,12,0.8823529411764706,0.9848484848484849,83,"OrderedDict({'clf__C': 100.0, 'clf__gamma': 0.001, 'kruskal__k': 83})"
SVM_RBF,13,0.6666666666666666,0.9104477611940298,210,"OrderedDict({'clf__C': 1.5914264858024312, 'clf__gamma': 0.001, 'kruskal__k': 210})"
SVM_RBF,14,0.7272727272727273,1.0,83,"OrderedDict({'clf__C': 87.10861614855823, 'clf__gamma': 'scale', 'kruskal__k': 83})"
SVM_RBF,15,0.7058823529411765,0.8939393939393939,83,"OrderedDict({'clf__C': 6.1523626349858125, 'clf__gamma': 0.001, 'kruskal__k': 83})"
SVM_RBF,16,0.7575757575757576,0.9850746268656716,83,"OrderedDict({'clf__C': 100.0, 'clf__gamma': 0.001, 'kruskal__k': 83})"
SVM_RBF,17,0.6666666666666666,0.9701492537313433,83,"OrderedDict({'clf__C': 38.23700820035496, 'clf__gamma': 'auto', 'kruskal__k': 83})"
SVM_RBF,18,0.8235294117647058,1.0,83,"OrderedDict({'clf__C': 100.0, 'clf__gamma': 'scale', 'kruskal__k': 83})"
SVM_RBF,19,0.5757575757575758,0.9701492537313433,607,"OrderedDict({'clf__C': 6.477599050411131, 'clf__gamma': 0.001, 'kruskal__k': 607})"
SVM_RBF,20,0.7575757575757576,0.9552238805970149,83,"OrderedDict({'clf__C': 20.189830967477405, 'clf__gamma': 0.001, 'kruskal__k': 83})"
SVM_RBF,21,0.5882352941176471,1.0,157,"OrderedDict({'clf__C': 26.434974872521533, 'clf__gamma': 'auto', 'kruskal__k': 157})"
SVM_RBF,22,0.6666666666666666,1.0,83,"OrderedDict({'clf__C': 100.0, 'clf__gamma': 0.01, 'kruskal__k': 83})"
SVM_RBF,23,0.7575757575757576,1.0,607,"OrderedDict({'clf__C': 74.71167221165767, 'clf__gamma': 0.001, 'kruskal__k': 607})"
SVM_RBF,24,0.7941176470588235,0.9848484848484849,83,"OrderedDict({'clf__C': 100.0, 'clf__gamma': 0.001, 'kruskal__k': 83})"
SVM_RBF,25,0.7272727272727273,0.9701492537313433,363,"OrderedDict({'clf__C': 0.9692185265551495, 'clf__gamma': 'scale', 'kruskal__k': 363})"
SVM_RBF,26,0.696969696969697,1.0,83,"OrderedDict({'clf__C': 100.0, 'clf__gamma': 0.001, 'kruskal__k': 83})"
SVM_RBF,27,0.6764705882352942,0.9848484848484849,83,"OrderedDict({'clf__C': 6.347701285013268, 'clf__gamma': 'scale', 'kruskal__k': 83})"
SVM_RBF,28,0.696969696969697,0.9850746268656716,607,"OrderedDict({'clf__C': 23.509799542213823, 'clf__gamma': 0.001, 'kruskal__k': 607})"
SVM_RBF,29,0.7878787878787878,0.9850746268656716,83,"OrderedDict({'clf__C': 10.923796971612193, 'clf__gamma': 'scale', 'kruskal__k': 83})"
SVM_RBF,30,0.7647058823529411,1.0,122,"OrderedDict({'clf__C': 25.244753136907583, 'clf__gamma': 0.001, 'kruskal__k': 122})"
SVM_RBF,31,0.7272727272727273,1.0,83,"OrderedDict({'clf__C': 22.974662440418474, 'clf__gamma': 'scale', 'kruskal__k': 83})"
SVM_RBF,32,0.6363636363636364,1.0,607,"OrderedDict({'clf__C': 100.0, 'clf__gamma': 0.001, 'kruskal__k': 607})"
SVM_RBF,33,0.7352941176470589,0.9696969696969697,607,"OrderedDict({'clf__C': 4.014193516892156, 'clf__gamma': 0.001, 'kruskal__k': 607})"
SVM_RBF,34,0.7878787878787878,0.9850746268656716,83,"OrderedDict({'clf__C': 100.0, 'clf__gamma': 0.001, 'kruskal__k': 83})"
SVM_RBF,35,0.696969696969697,1.0,379,"OrderedDict({'clf__C': 89.44989578124856, 'clf__gamma': 'scale', 'kruskal__k': 379})"
SVM_RBF,36,0.6470588235294118,1.0,508,"OrderedDict({'clf__C': 26.28157169795864, 'clf__gamma': 'auto', 'kruskal__k': 508})"
SVM_RBF,37,0.7272727272727273,1.0,83,"OrderedDict({'clf__C': 87.52322670789962, 'clf__gamma': 0.001, 'kruskal__k': 83})"
SVM_RBF,38,0.7878787878787878,0.9850746268656716,83,"OrderedDict({'clf__C': 100.0, 'clf__gamma': 0.001, 'kruskal__k': 83})"
SVM_RBF,39,0.7941176470588235,0.9848484848484849,345,"OrderedDict({'clf__C': 13.792054481024145, 'clf__gamma': 0.001, 'kruskal__k': 345})"
SVM_RBF,40,0.8181818181818182,0.9850746268656716,83,"OrderedDict({'clf__C': 100.0, 'clf__gamma': 0.001, 'kruskal__k': 83})"
SVM_RBF,41,0.696969696969697,0.9850746268656716,607,"OrderedDict({'clf__C': 1.5348824300526935, 'clf__gamma': 'scale', 'kruskal__k': 607})"
SVM_RBF,42,0.6764705882352942,1.0,373,"OrderedDict({'clf__C': 100.0, 'clf__gamma': 'scale', 'kruskal__k': 373})"
SVM_RBF,43,0.6666666666666666,0.9850746268656716,83,"OrderedDict({'clf__C': 39.90300939423063, 'clf__gamma': 0.001, 'kruskal__k': 83})"
SVM_RBF,44,0.7575757575757576,0.9701492537313433,607,"OrderedDict({'clf__C': 3.2774705500489736, 'clf__gamma': 0.001, 'kruskal__k': 607})"
SVM_RBF,45,0.6176470588235294,0.9848484848484849,244,"OrderedDict({'clf__C': 25.04168704854041, 'clf__gamma': 'auto', 'kruskal__k': 244})"
SVM_RBF,46,0.7878787878787878,0.9850746268656716,607,"OrderedDict({'clf__C': 6.446740442947948, 'clf__gamma': 0.001, 'kruskal__k': 607})"
SVM_RBF,47,0.7272727272727273,1.0,83,"OrderedDict({'clf__C': 100.0, 'clf__gamma': 0.001, 'kruskal__k': 83})"
SVM_RBF,48,0.6470588235294118,0.9545454545454546,83,"OrderedDict({'clf__C': 14.83853108221667, 'clf__gamma': 0.001, 'kruskal__k': 83})"
SVM_RBF,49,0.6060606060606061,0.9552238805970149,607,"OrderedDict({'clf__C': 1.8646059135049873, 'clf__gamma': 'scale', 'kruskal__k': 607})"
SVM_RBF,50,0.5454545454545454,0.9850746268656716,109,"OrderedDict({'clf__C': 7.626852426877258, 'clf__gamma': 0.01, 'kruskal__k': 109})"
SVM_RBF,51,0.8823529411764706,0.9696969696969697,183,"OrderedDict({'clf__C': 11.535042511523365, 'clf__gamma': 'scale', 'kruskal__k': 183})"
SVM_RBF,52,0.6363636363636364,0.9552238805970149,440,"OrderedDict({'clf__C': 3.8625878787971786, 'clf__gamma': 0.001, 'kruskal__k': 440})"
SVM_RBF,53,0.7272727272727273,0.9552238805970149,83,"OrderedDict({'clf__C': 23.904896762573117, 'clf__gamma': 0.001, 'kruskal__k': 83})"
SVM_RBF,54,0.5882352941176471,0.9848484848484849,607,"OrderedDict({'clf__C': 9.780274502224794, 'clf__gamma': 0.001, 'kruskal__k': 607})"
SVM_RBF,55,0.7575757575757576,0.9701492537313433,165,"OrderedDict({'clf__C': 11.107005572638608, 'clf__gamma': 0.001, 'kruskal__k': 165})"
SVM_RBF,56,0.7575757575757576,1.0,157,"OrderedDict({'clf__C': 41.969696023320076, 'clf__gamma': 'auto', 'kruskal__k': 157})"
SVM_RBF,57,0.6764705882352942,1.0,83,"OrderedDict({'clf__C': 15.968805719492513, 'clf__gamma': 'auto', 'kruskal__k': 83})"
SVM_RBF,58,0.7878787878787878,0.9850746268656716,83,"OrderedDict({'clf__C': 100.0, 'clf__gamma': 0.001, 'kruskal__k': 83})"
SVM_RBF,59,0.7575757575757576,0.9701492537313433,607,"OrderedDict({'clf__C': 0.780454848332299, 'clf__gamma': 'auto', 'kruskal__k': 607})"
SVM_RBF,60,0.8235294117647058,1.0,600,"OrderedDict({'clf__C': 57.22475648859708, 'clf__gamma': 0.001, 'kruskal__k': 600})"
SVM_RBF,61,0.696969696969697,1.0,133,"OrderedDict({'clf__C': 26.10478960485341, 'clf__gamma': 0.01, 'kruskal__k': 133})"
SVM_RBF,62,0.7575757575757576,0.9850746268656716,83,"OrderedDict({'clf__C': 4.48525954388713, 'clf__gamma': 0.01, 'kruskal__k': 83})"
SVM_RBF,63,0.6470588235294118,1.0,604,"OrderedDict({'clf__C': 2.0072816792471744, 'clf__gamma': 'auto', 'kruskal__k': 604})"
SVM_RBF,64,0.7272727272727273,0.9104477611940298,83,"OrderedDict({'clf__C': 5.702285201953895, 'clf__gamma': 0.001, 'kruskal__k': 83})"
SVM_RBF,65,0.8484848484848485,0.9850746268656716,96,"OrderedDict({'clf__C': 99.79222200109501, 'clf__gamma': 0.01, 'kruskal__k': 96})"
SVM_RBF,66,0.7941176470588235,1.0,517,"OrderedDict({'clf__C': 100.0, 'clf__gamma': 0.001, 'kruskal__k': 517})"
SVM_RBF,67,0.696969696969697,0.9850746268656716,607,"OrderedDict({'clf__C': 7.550169731650884, 'clf__gamma': 0.001, 'kruskal__k': 607})"
SVM_RBF,68,0.5757575757575758,1.0,156,"OrderedDict({'clf__C': 52.469283477261115, 'clf__gamma': 0.001, 'kruskal__k': 156})"
SVM_RBF,69,0.8823529411764706,1.0,83,"OrderedDict({'clf__C': 100.0, 'clf__gamma': 0.001, 'kruskal__k': 83})"
SVM_RBF,70,0.6363636363636364,0.9701492537313433,83,"OrderedDict({'clf__C': 8.895622009247191, 'clf__gamma': 'scale', 'kruskal__k': 83})"
SVM_RBF,71,0.7272727272727273,0.9701492537313433,607,"OrderedDict({'clf__C': 2.653625882214909, 'clf__gamma': 0.001, 'kruskal__k': 607})"
SVM_RBF,72,0.6764705882352942,0.9696969696969697,83,"OrderedDict({'clf__C': 28.66907978356865, 'clf__gamma': 0.01, 'kruskal__k': 83})"
SVM_RBF,73,0.696969696969697,1.0,86,"OrderedDict({'clf__C': 75.3072541379287, 'clf__gamma': 'scale', 'kruskal__k': 86})"
SVM_RBF,74,0.6060606060606061,0.9701492537313433,260,"OrderedDict({'clf__C': 1.9529121326784604, 'clf__gamma': 0.001, 'kruskal__k': 260})"
SVM_RBF,75,0.8529411764705882,0.9696969696969697,248,"OrderedDict({'clf__C': 3.5473148034216995, 'clf__gamma': 0.001, 'kruskal__k': 248})"
SVM_RBF,76,0.7272727272727273,0.9850746268656716,83,"OrderedDict({'clf__C': 100.0, 'clf__gamma': 0.001, 'kruskal__k': 83})"
SVM_RBF,77,0.6666666666666666,1.0,83,"OrderedDict({'clf__C': 100.0, 'clf__gamma': 'scale', 'kruskal__k': 83})"
SVM_RBF,78,0.7058823529411765,0.9545454545454546,419,"OrderedDict({'clf__C': 1.2174753578410051, 'clf__gamma': 'scale', 'kruskal__k': 419})"
SVM_RBF,79,0.5151515151515151,1.0,485,"OrderedDict({'clf__C': 9.606051815181065, 'clf__gamma': 'auto', 'kruskal__k': 485})"
SVM_RBF,80,0.8484848484848485,0.9850746268656716,422,"OrderedDict({'clf__C': 36.304042275038675, 'clf__gamma': 0.001, 'kruskal__k': 422})"
SVM_RBF,81,0.7647058823529411,0.9393939393939394,83,"OrderedDict({'clf__C': 18.612732174267688, 'clf__gamma': 0.001, 'kruskal__k': 83})"
SVM_RBF,82,0.8484848484848485,0.9402985074626866,83,"OrderedDict({'clf__C': 100.0, 'clf__gamma': 0.001, 'kruskal__k': 83})"
SVM_RBF,83,0.696969696969697,1.0,607,"OrderedDict({'clf__C': 3.8146583015761655, 'clf__gamma': 0.001, 'kruskal__k': 607})"
SVM_RBF,84,0.7058823529411765,0.9848484848484849,130,"OrderedDict({'clf__C': 100.0, 'clf__gamma': 0.001, 'kruskal__k': 130})"
SVM_RBF,85,0.696969696969697,0.9850746268656716,131,"OrderedDict({'clf__C': 9.856010456402325, 'clf__gamma': 'auto', 'kruskal__k': 131})"
SVM_RBF,86,0.7878787878787878,0.9701492537313433,434,"OrderedDict({'clf__C': 1.2644862672946127, 'clf__gamma': 0.001, 'kruskal__k': 434})"
SVM_RBF,87,0.7352941176470589,0.9848484848484849,83,"OrderedDict({'clf__C': 100.0, 'clf__gamma': 0.001, 'kruskal__k': 83})"
SVM_RBF,88,0.696969696969697,1.0,607,"OrderedDict({'clf__C': 22.266788314704982, 'clf__gamma': 'auto', 'kruskal__k': 607})"
SVM_RBF,89,0.7575757575757576,0.9850746268656716,83,"OrderedDict({'clf__C': 100.0, 'clf__gamma': 0.01, 'kruskal__k': 83})"
RandomForest,0,0.7647058823529411,1.0,175,"OrderedDict({'clf__max_depth': 10, 'clf__max_features': None, 'clf__min_samples_leaf': 1, 'clf__min_samples_split': 2, 'clf__n_estimators': 246, 'kruskal__k': 175})"
RandomForest,1,0.7575757575757576,0.9701492537313433,104,"OrderedDict({'clf__max_depth': 10, 'clf__max_features': None, 'clf__min_samples_leaf': 2, 'clf__min_samples_split': 2, 'clf__n_estimators': 100, 'kruskal__k': 104})"
RandomForest,2,0.7575757575757576,0.9850746268656716,263,"OrderedDict({'clf__max_depth': 5, 'clf__max_features': None, 'clf__min_samples_leaf': 1, 'clf__min_samples_split': 2, 'clf__n_estimators': 100, 'kruskal__k': 263})"
RandomForest,3,0.8823529411764706,1.0,356,"OrderedDict({'clf__max_depth': 20, 'clf__max_features': None, 'clf__min_samples_leaf': 4, 'clf__min_samples_split': 2, 'clf__n_estimators': 500, 'kruskal__k': 356})"
RandomForest,4,0.8181818181818182,1.0,538,"OrderedDict({'clf__max_depth': 20, 'clf__max_features': None, 'clf__min_samples_leaf': 2, 'clf__min_samples_split': 7, 'clf__n_estimators': 215, 'kruskal__k': 538})"
RandomForest,5,0.8484848484848485,1.0,607,"OrderedDict({'clf__max_depth': None, 'clf__max_features': None, 'clf__min_samples_leaf': 1, 'clf__min_samples_split': 10, 'clf__n_estimators': 100, 'kruskal__k': 607})"
RandomForest,6,0.6764705882352942,1.0,145,"OrderedDict({'clf__max_depth': 20, 'clf__max_features': None, 'clf__min_samples_leaf': 3, 'clf__min_samples_split': 5, 'clf__n_estimators': 442, 'kruskal__k': 145})"
RandomForest,7,0.6666666666666666,0.9552238805970149,314,"OrderedDict({'clf__max_depth': 10, 'clf__max_features': None, 'clf__min_samples_leaf': 3, 'clf__min_samples_split': 10, 'clf__n_estimators': 154, 'kruskal__k': 314})"
RandomForest,8,0.8181818181818182,0.9850746268656716,607,"OrderedDict({'clf__max_depth': 20, 'clf__max_features': None, 'clf__min_samples_leaf': 3, 'clf__min_samples_split': 10, 'clf__n_estimators': 100, 'kruskal__k': 607})"
RandomForest,9,0.8823529411764706,0.9848484848484849,301,"OrderedDict({'clf__max_depth': 10, 'clf__max_features': None, 'clf__min_samples_leaf': 2, 'clf__min_samples_split': 4, 'clf__n_estimators': 349, 'kruskal__k': 301})"
RandomForest,10,0.8787878787878788,1.0,187,"OrderedDict({'clf__max_depth': None, 'clf__max_features': None, 'clf__min_samples_leaf': 1, 'clf__min_samples_split': 5, 'clf__n_estimators': 130, 'kruskal__k': 187})"
RandomForest,11,0.8181818181818182,0.9850746268656716,607,"OrderedDict({'clf__max_depth': 20, 'clf__max_features': None, 'clf__min_samples_leaf': 4, 'clf__min_samples_split': 10, 'clf__n_estimators': 500, 'kruskal__k': 607})"
RandomForest,12,0.8529411764705882,1.0,467,"OrderedDict({'clf__max_depth': 5, 'clf__max_features': None, 'clf__min_samples_leaf': 1, 'clf__min_samples_split': 2, 'clf__n_estimators': 100, 'kruskal__k': 467})"
RandomForest,13,0.8484848484848485,0.9552238805970149,83,"OrderedDict({'clf__max_depth': None, 'clf__max_features': None, 'clf__min_samples_leaf': 1, 'clf__min_samples_split': 10, 'clf__n_estimators': 500, 'kruskal__k': 83})"
RandomForest,14,0.7272727272727273,1.0,438,"OrderedDict({'clf__max_depth': None, 'clf__max_features': None, 'clf__min_samples_leaf': 1, 'clf__min_samples_split': 10, 'clf__n_estimators': 500, 'kruskal__k': 438})"
RandomForest,15,0.9411764705882353,1.0,607,"OrderedDict({'clf__max_depth': 5, 'clf__max_features': None, 'clf__min_samples_leaf': 1, 'clf__min_samples_split': 2, 'clf__n_estimators': 500, 'kruskal__k': 607})"
RandomForest,16,0.7878787878787878,1.0,497,"OrderedDict({'clf__max_depth': None, 'clf__max_features': None, 'clf__min_samples_leaf': 2, 'clf__min_samples_split': 5, 'clf__n_estimators': 323, 'kruskal__k': 497})"
RandomForest,17,0.7878787878787878,0.9701492537313433,141,"OrderedDict({'clf__max_depth': None, 'clf__max_features': None, 'clf__min_samples_leaf': 1, 'clf__min_samples_split': 10, 'clf__n_estimators': 468, 'kruskal__k': 141})"
RandomForest,18,0.8235294117647058,1.0,326,"OrderedDict({'clf__max_depth': 5, 'clf__max_features': None, 'clf__min_samples_leaf': 1, 'clf__min_samples_split': 2, 'clf__n_estimators': 500, 'kruskal__k': 326})"
RandomForest,19,0.7878787878787878,0.9850746268656716,348,"OrderedDict({'clf__max_depth': 20, 'clf__max_features': None, 'clf__min_samples_leaf': 1, 'clf__min_samples_split': 10, 'clf__n_estimators': 200, 'kruskal__k': 348})"
RandomForest,20,0.7878787878787878,0.9850746268656716,607,"OrderedDict({'clf__max_depth': 20, 'clf__max_features': None, 'clf__min_samples_leaf': 4, 'clf__min_samples_split': 2, 'clf__n_estimators': 100, 'kruskal__k': 607})"
RandomForest,21,0.9117647058823529,1.0,549,"OrderedDict({'clf__max_depth': 5, 'clf__max_features': None, 'clf__min_samples_leaf': 2, 'clf__min_samples_split': 3, 'clf__n_estimators': 500, 'kruskal__k': 549})"
RandomForest,22,0.7878787878787878,1.0,83,"OrderedDict({'clf__max_depth': 5, 'clf__max_features': None, 'clf__min_samples_leaf': 1, 'clf__min_samples_split': 2, 'clf__n_estimators': 500, 'kruskal__k': 83})"
RandomForest,23,0.9090909090909091,1.0,546,"OrderedDict({'clf__max_depth': 5, 'clf__max_features': None, 'clf__min_samples_leaf': 1, 'clf__min_samples_split': 10, 'clf__n_estimators': 100, 'kruskal__k': 546})"
RandomForest,24,0.7941176470588235,1.0,607,"OrderedDict({'clf__max_depth': None, 'clf__max_features': None, 'clf__min_samples_leaf': 1, 'clf__min_samples_split': 2, 'clf__n_estimators': 100, 'kruskal__k': 607})"
RandomForest,25,0.9393939393939394,0.9850746268656716,528,"OrderedDict({'clf__max_depth': 5, 'clf__max_features': None, 'clf__min_samples_leaf': 2, 'clf__min_samples_split': 2, 'clf__n_estimators': 100, 'kruskal__k': 528})"
RandomForest,26,0.696969696969697,1.0,195,"OrderedDict({'clf__max_depth': None, 'clf__max_features': None, 'clf__min_samples_leaf': 1, 'clf__min_samples_split': 5, 'clf__n_estimators': 272, 'kruskal__k': 195})"
RandomForest,27,0.8823529411764706,0.9848484848484849,607,"OrderedDict({'clf__max_depth': None, 'clf__max_features': None, 'clf__min_samples_leaf': 2, 'clf__min_samples_split': 8, 'clf__n_estimators': 500, 'kruskal__k': 607})"
RandomForest,28,0.8181818181818182,1.0,266,"OrderedDict({'clf__max_depth': 5, 'clf__max_features': None, 'clf__min_samples_leaf': 2, 'clf__min_samples_split': 10, 'clf__n_estimators': 500, 'kruskal__k': 266})"
RandomForest,29,0.7272727272727273,0.9701492537313433,607,"OrderedDict({'clf__max_depth': 20, 'clf__max_features': None, 'clf__min_samples_leaf': 3, 'clf__min_samples_split': 10, 'clf__n_estimators': 100, 'kruskal__k': 607})"
RandomForest,30,0.7941176470588235,0.9696969696969697,431,"OrderedDict({'clf__max_depth': None, 'clf__max_features': None, 'clf__min_samples_leaf': 4, 'clf__min_samples_split': 6, 'clf__n_estimators': 500, 'kruskal__k': 431})"
RandomForest,31,0.7272727272727273,0.9552238805970149,83,"OrderedDict({'clf__max_depth': None, 'clf__max_features': None, 'clf__min_samples_leaf': 1, 'clf__min_samples_split': 10, 'clf__n_estimators': 100, 'kruskal__k': 83})"
RandomForest,32,0.8787878787878788,0.9850746268656716,305,"OrderedDict({'clf__max_depth': 5, 'clf__max_features': None, 'clf__min_samples_leaf': 4, 'clf__min_samples_split': 2, 'clf__n_estimators': 499, 'kruskal__k': 305})"
RandomForest,33,0.8235294117647058,1.0,552,"OrderedDict({'clf__max_depth': None, 'clf__max_features': None, 'clf__min_samples_leaf': 1, 'clf__min_samples_split': 2, 'clf__n_estimators': 100, 'kruskal__k': 552})"
RandomForest,34,0.7272727272727273,0.9552238805970149,83,"OrderedDict({'clf__max_depth': 5, 'clf__max_features': None, 'clf__min_samples_leaf': 2, 'clf__min_samples_split': 10, 'clf__n_estimators': 100, 'kruskal__k': 83})"
RandomForest,35,0.7878787878787878,1.0,465,"OrderedDict({'clf__max_depth': 20, 'clf__max_features': None, 'clf__min_samples_leaf': 1, 'clf__min_samples_split': 2, 'clf__n_estimators': 434, 'kruskal__k': 465})"
RandomForest,36,0.8235294117647058,1.0,603,"OrderedDict({'clf__max_depth': None, 'clf__max_features': None, 'clf__min_samples_leaf': 1, 'clf__min_samples_split': 3, 'clf__n_estimators': 119, 'kruskal__k': 603})"
RandomForest,37,0.7575757575757576,1.0,607,"OrderedDict({'clf__max_depth': None, 'clf__max_features': None, 'clf__min_samples_leaf': 1, 'clf__min_samples_split': 9, 'clf__n_estimators': 376, 'kruskal__k': 607})"
RandomForest,38,0.8787878787878788,1.0,461,"OrderedDict({'clf__max_depth': 10, 'clf__max_features': None, 'clf__min_samples_leaf': 1, 'clf__min_samples_split': 9, 'clf__n_estimators': 101, 'kruskal__k': 461})"
RandomForest,39,0.8529411764705882,1.0,607,"OrderedDict({'clf__max_depth': 10, 'clf__max_features': None, 'clf__min_samples_leaf': 1, 'clf__min_samples_split': 2, 'clf__n_estimators': 208, 'kruskal__k': 607})"
RandomForest,40,0.8787878787878788,1.0,607,"OrderedDict({'clf__max_depth': None, 'clf__max_features': None, 'clf__min_samples_leaf': 2, 'clf__min_samples_split': 3, 'clf__n_estimators': 332, 'kruskal__k': 607})"
RandomForest,41,0.8181818181818182,1.0,607,"OrderedDict({'clf__max_depth': None, 'clf__max_features': None, 'clf__min_samples_leaf': 2, 'clf__min_samples_split': 4, 'clf__n_estimators': 486, 'kruskal__k': 607})"
RandomForest,42,0.6470588235294118,1.0,92,"OrderedDict({'clf__max_depth': None, 'clf__max_features': None, 'clf__min_samples_leaf': 1, 'clf__min_samples_split': 10, 'clf__n_estimators': 500, 'kruskal__k': 92})"
RandomForest,43,0.696969696969697,1.0,232,"OrderedDict({'clf__max_depth': 10, 'clf__max_features': None, 'clf__min_samples_leaf': 4, 'clf__min_samples_split': 2, 'clf__n_estimators': 500, 'kruskal__k': 232})"
RandomForest,44,0.9090909090909091,0.9850746268656716,607,"OrderedDict({'clf__max_depth': 5, 'clf__max_features': None, 'clf__min_samples_leaf': 1, 'clf__min_samples_split': 10, 'clf__n_estimators': 192, 'kruskal__k': 607})"
RandomForest,45,0.8529411764705882,1.0,513,"OrderedDict({'clf__max_depth': 5, 'clf__max_features': None, 'clf__min_samples_leaf': 1, 'clf__min_samples_split': 8, 'clf__n_estimators': 500, 'kruskal__k': 513})"
RandomForest,46,0.9090909090909091,0.9850746268656716,453,"OrderedDict({'clf__max_depth': 20, 'clf__max_features': None, 'clf__min_samples_leaf': 1, 'clf__min_samples_split': 5, 'clf__n_estimators': 135, 'kruskal__k': 453})"
RandomForest,47,0.696969696969697,0.9552238805970149,83,"OrderedDict({'clf__max_depth': 5, 'clf__max_features': None, 'clf__min_samples_leaf': 4, 'clf__min_samples_split': 6, 'clf__n_estimators': 466, 'kruskal__k': 83})"
RandomForest,48,0.7058823529411765,0.9848484848484849,607,"OrderedDict({'clf__max_depth': None, 'clf__max_features': None, 'clf__min_samples_leaf': 3, 'clf__min_samples_split': 4, 'clf__n_estimators': 100, 'kruskal__k': 607})"
RandomForest,49,0.7575757575757576,1.0,333,"OrderedDict({'clf__max_depth': 10, 'clf__max_features': None, 'clf__min_samples_leaf': 1, 'clf__min_samples_split': 2, 'clf__n_estimators': 100, 'kruskal__k': 333})"
RandomForest,50,0.7575757575757576,1.0,168,"OrderedDict({'clf__max_depth': None, 'clf__max_features': None, 'clf__min_samples_leaf': 1, 'clf__min_samples_split': 2, 'clf__n_estimators': 500, 'kruskal__k': 168})"
RandomForest,51,0.8529411764705882,0.9696969696969697,607,"OrderedDict({'clf__max_depth': 5, 'clf__max_features': None, 'clf__min_samples_leaf': 4, 'clf__min_samples_split': 10, 'clf__n_estimators': 500, 'kruskal__k': 607})"
RandomForest,52,0.8787878787878788,1.0,391,"OrderedDict({'clf__max_depth': None, 'clf__max_features': None, 'clf__min_samples_leaf': 1, 'clf__min_samples_split': 2, 'clf__n_estimators': 100, 'kruskal__k': 391})"
RandomForest,53,0.9393939393939394,1.0,549,"OrderedDict({'clf__max_depth': 20, 'clf__max_features': None, 'clf__min_samples_leaf': 2, 'clf__min_samples_split': 6, 'clf__n_estimators': 253, 'kruskal__k': 549})"
RandomForest,54,0.8529411764705882,0.9848484848484849,446,"OrderedDict({'clf__max_depth': None, 'clf__max_features': None, 'clf__min_samples_leaf': 1, 'clf__min_samples_split': 8, 'clf__n_estimators': 100, 'kruskal__k': 446})"
RandomForest,55,0.696969696969697,1.0,403,"OrderedDict({'clf__max_depth': 5, 'clf__max_features': None, 'clf__min_samples_leaf': 4, 'clf__min_samples_split': 2, 'clf__n_estimators': 500, 'kruskal__k': 403})"
RandomForest,56,0.8181818181818182,1.0,129,"OrderedDict({'clf__max_depth': 10, 'clf__max_features': None, 'clf__min_samples_leaf': 1, 'clf__min_samples_split': 4, 'clf__n_estimators': 500, 'kruskal__k': 129})"
RandomForest,57,0.7941176470588235,1.0,607,"OrderedDict({'clf__max_depth': 20, 'clf__max_features': None, 'clf__min_samples_leaf': 1, 'clf__min_samples_split': 10, 'clf__n_estimators': 100, 'kruskal__k': 607})"
RandomForest,58,0.8484848484848485,1.0,83,"OrderedDict({'clf__max_depth': None, 'clf__max_features': None, 'clf__min_samples_leaf': 1, 'clf__min_samples_split': 2, 'clf__n_estimators': 420, 'kruskal__k': 83})"
RandomForest,59,0.8484848484848485,1.0,607,"OrderedDict({'clf__max_depth': 5, 'clf__max_features': None, 'clf__min_samples_leaf': 1, 'clf__min_samples_split': 2, 'clf__n_estimators': 500, 'kruskal__k': 607})"
RandomForest,60,0.7941176470588235,0.9545454545454546,607,"OrderedDict({'clf__max_depth': 10, 'clf__max_features': None, 'clf__min_samples_leaf': 4, 'clf__min_samples_split': 9, 'clf__n_estimators': 100, 'kruskal__k': 607})"
RandomForest,61,0.8484848484848485,1.0,518,"OrderedDict({'clf__max_depth': 20, 'clf__max_features': None, 'clf__min_samples_leaf': 1, 'clf__min_samples_split': 4, 'clf__n_estimators': 198, 'kruskal__k': 518})"
RandomForest,62,0.6666666666666666,0.9850746268656716,607,"OrderedDict({'clf__max_depth': 5, 'clf__max_features': None, 'clf__min_samples_leaf': 4, 'clf__min_samples_split': 2, 'clf__n_estimators': 411, 'kruskal__k': 607})"
RandomForest,63,0.8529411764705882,1.0,607,"OrderedDict({'clf__max_depth': 20, 'clf__max_features': None, 'clf__min_samples_leaf': 2, 'clf__min_samples_split': 10, 'clf__n_estimators': 100, 'kruskal__k': 607})"
RandomForest,64,0.8787878787878788,1.0,567,"OrderedDict({'clf__max_depth': 20, 'clf__max_features': None, 'clf__min_samples_leaf': 2, 'clf__min_samples_split': 4, 'clf__n_estimators': 419, 'kruskal__k': 567})"
RandomForest,65,0.8484848484848485,0.9701492537313433,602,"OrderedDict({'clf__max_depth': 5, 'clf__max_features': None, 'clf__min_samples_leaf': 4, 'clf__min_samples_split': 5, 'clf__n_estimators': 500, 'kruskal__k': 602})"
RandomForest,66,0.9411764705882353,1.0,607,"OrderedDict({'clf__max_depth': None, 'clf__max_features': None, 'clf__min_samples_leaf': 1, 'clf__min_samples_split': 6, 'clf__n_estimators': 100, 'kruskal__k': 607})"
RandomForest,67,0.8484848484848485,1.0,200,"OrderedDict({'clf__max_depth': 10, 'clf__max_features': None, 'clf__min_samples_leaf': 1, 'clf__min_samples_split': 2, 'clf__n_estimators': 500, 'kruskal__k': 200})"
RandomForest,68,0.7878787878787878,1.0,175,"OrderedDict({'clf__max_depth': 10, 'clf__max_features': None, 'clf__min_samples_leaf': 1, 'clf__min_samples_split': 2, 'clf__n_estimators': 500, 'kruskal__k': 175})"
RandomForest,69,0.9117647058823529,0.9848484848484849,579,"OrderedDict({'clf__max_depth': 20, 'clf__max_features': None, 'clf__min_samples_leaf': 1, 'clf__min_samples_split': 10, 'clf__n_estimators': 368, 'kruskal__k': 579})"
RandomForest,70,0.7272727272727273,1.0,607,"OrderedDict({'clf__max_depth': 5, 'clf__max_features': None, 'clf__min_samples_leaf': 1, 'clf__min_samples_split': 2, 'clf__n_estimators': 500, 'kruskal__k': 607})"
RandomForest,71,0.7575757575757576,1.0,607,"OrderedDict({'clf__max_depth': 10, 'clf__max_features': None, 'clf__min_samples_leaf': 1, 'clf__min_samples_split': 10, 'clf__n_estimators': 430, 'kruskal__k': 607})"
RandomForest,72,0.8823529411764706,1.0,607,"OrderedDict({'clf__max_depth': None, 'clf__max_features': None, 'clf__min_samples_leaf': 1, 'clf__min_samples_split': 2, 'clf__n_estimators': 500, 'kruskal__k': 607})"
RandomForest,73,0.8787878787878788,0.9850746268656716,83,"OrderedDict({'clf__max_depth': 5, 'clf__max_features': None, 'clf__min_samples_leaf': 1, 'clf__min_samples_split': 2, 'clf__n_estimators': 100, 'kruskal__k': 83})"
RandomForest,74,0.7878787878787878,1.0,480,"OrderedDict({'clf__max_depth': 10, 'clf__max_features': None, 'clf__min_samples_leaf': 2, 'clf__min_samples_split': 9, 'clf__n_estimators': 500, 'kruskal__k': 480})"
RandomForest,75,0.8823529411764706,1.0,607,"OrderedDict({'clf__max_depth': 5, 'clf__max_features': None, 'clf__min_samples_leaf': 1, 'clf__min_samples_split': 2, 'clf__n_estimators': 315, 'kruskal__k': 607})"
RandomForest,76,0.7878787878787878,1.0,456,"OrderedDict({'clf__max_depth': None, 'clf__max_features': None, 'clf__min_samples_leaf': 2, 'clf__min_samples_split': 2, 'clf__n_estimators': 100, 'kruskal__k': 456})"
RandomForest,77,0.696969696969697,0.9402985074626866,83,"OrderedDict({'clf__max_depth': 10, 'clf__max_features': None, 'clf__min_samples_leaf': 4, 'clf__min_samples_split': 10, 'clf__n_estimators': 500, 'kruskal__k': 83})"
RandomForest,78,0.7647058823529411,0.9696969696969697,556,"OrderedDict({'clf__max_depth': None, 'clf__max_features': None, 'clf__min_samples_leaf': 4, 'clf__min_samples_split': 7, 'clf__n_estimators': 212, 'kruskal__k': 556})"
RandomForest,79,0.7272727272727273,1.0,603,"OrderedDict({'clf__max_depth': 5, 'clf__max_features': None, 'clf__min_samples_leaf': 1, 'clf__min_samples_split': 2, 'clf__n_estimators': 482, 'kruskal__k': 603})"
RandomForest,80,0.8484848484848485,1.0,607,"OrderedDict({'clf__max_depth': 10, 'clf__max_features': None, 'clf__min_samples_leaf': 2, 'clf__min_samples_split': 2, 'clf__n_estimators': 500, 'kruskal__k': 607})"
RandomForest,81,0.7941176470588235,1.0,318,"OrderedDict({'clf__max_depth': 10, 'clf__max_features': None, 'clf__min_samples_leaf': 1, 'clf__min_samples_split': 2, 'clf__n_estimators': 191, 'kruskal__k': 318})"
RandomForest,82,0.7878787878787878,1.0,532,"OrderedDict({'clf__max_depth': 10, 'clf__max_features': None, 'clf__min_samples_leaf': 1, 'clf__min_samples_split': 10, 'clf__n_estimators': 500, 'kruskal__k': 532})"
RandomForest,83,0.7878787878787878,1.0,524,"OrderedDict({'clf__max_depth': 5, 'clf__max_features': None, 'clf__min_samples_leaf': 1, 'clf__min_samples_split': 2, 'clf__n_estimators': 100, 'kruskal__k': 524})"
RandomForest,84,0.7352941176470589,0.9848484848484849,548,"OrderedDict({'clf__max_depth': 20, 'clf__max_features': None, 'clf__min_samples_leaf': 4, 'clf__min_samples_split': 10, 'clf__n_estimators': 100, 'kruskal__k': 548})"
RandomForest,85,0.8484848484848485,1.0,410,"OrderedDict({'clf__max_depth': 20, 'clf__max_features': None, 'clf__min_samples_leaf': 1, 'clf__min_samples_split': 2, 'clf__n_estimators': 480, 'kruskal__k': 410})"
RandomForest,86,0.8787878787878788,1.0,356,"OrderedDict({'clf__max_depth': None, 'clf__max_features': None, 'clf__min_samples_leaf': 1, 'clf__min_samples_split': 3, 'clf__n_estimators': 500, 'kruskal__k': 356})"
RandomForest,87,0.8529411764705882,0.9848484848484849,310,"OrderedDict({'clf__max_depth': 10, 'clf__max_features': None, 'clf__min_samples_leaf': 1, 'clf__min_samples_split': 8, 'clf__n_estimators': 500, 'kruskal__k': 310})"
RandomForest,88,0.8484848484848485,0.9552238805970149,422,"OrderedDict({'clf__max_depth': 10, 'clf__max_features': None, 'clf__min_samples_leaf': 3, 'clf__min_samples_split': 4, 'clf__n_estimators': 500, 'kruskal__k': 422})"
RandomForest,89,0.7878787878787878,0.9850746268656716,607,"OrderedDict({'clf__max_depth': 10, 'clf__max_features': None, 'clf__min_samples_leaf': 2, 'clf__min_samples_split': 9, 'clf__n_estimators': 466, 'kruskal__k': 607})"
XGBoost,0,0.7941176470588235,1.0,323,"OrderedDict({'clf__colsample_bytree': 0.6, 'clf__learning_rate': 0.12195427101635797, 'clf__max_depth': 8, 'clf__n_estimators': 500, 'clf__reg_alpha': 1.0, 'clf__reg_lambda': 2.0, 'clf__subsample': 0.8002371473128854, 'kruskal__k': 323})"
XGBoost,1,0.8181818181818182,0.9850746268656716,83,"OrderedDict({'clf__colsample_bytree': 0.9725241936465878, 'clf__learning_rate': 0.3, 'clf__max_depth': 5, 'clf__n_estimators': 357, 'clf__reg_alpha': 0.0, 'clf__reg_lambda': 1.6442216781360015, 'clf__subsample': 0.6086853039996594, 'kruskal__k': 83})"
XGBoost,2,0.7272727272727273,1.0,164,"OrderedDict({'clf__colsample_bytree': 0.9900715467745642, 'clf__learning_rate': 0.06254436339917746, 'clf__max_depth': 5, 'clf__n_estimators': 500, 'clf__reg_alpha': 0.2832401048236385, 'clf__reg_lambda': 1.9920294769679967, 'clf__subsample': 0.6, 'kruskal__k': 164})"
XGBoost,3,0.8529411764705882,1.0,607,"OrderedDict({'clf__colsample_bytree': 0.6, 'clf__learning_rate': 0.3, 'clf__max_depth': 3, 'clf__n_estimators': 239, 'clf__reg_alpha': 0.0, 'clf__reg_lambda': 2.0, 'clf__subsample': 0.6, 'kruskal__k': 607})"
XGBoost,4,0.8787878787878788,1.0,607,"OrderedDict({'clf__colsample_bytree': 0.9639098138547278, 'clf__learning_rate': 0.03956929358408239, 'clf__max_depth': 9, 'clf__n_estimators': 500, 'clf__reg_alpha': 0.8352547780046028, 'clf__reg_lambda': 2.0, 'clf__subsample': 0.7731846550762501, 'kruskal__k': 607})"
XGBoost,5,0.8484848484848485,1.0,112,"OrderedDict({'clf__colsample_bytree': 0.983841882970092, 'clf__learning_rate': 0.3, 'clf__max_depth': 6, 'clf__n_estimators': 467, 'clf__reg_alpha': 0.10263980923533024, 'clf__reg_lambda': 1.0, 'clf__subsample': 0.800418456369336, 'kruskal__k': 112})"
XGBoost,6,0.7058823529411765,1.0,123,"OrderedDict({'clf__colsample_bytree': 0.6703517382915716, 'clf__learning_rate': 0.3, 'clf__max_depth': 3, 'clf__n_estimators': 368, 'clf__reg_alpha': 0.9271960122580282, 'clf__reg_lambda': 1.0115183677469628, 'clf__subsample': 0.7017364611565561, 'kruskal__k': 123})"
XGBoost,7,0.696969696969697,1.0,430,"OrderedDict({'clf__colsample_bytree': 0.9486513621838959, 'clf__learning_rate': 0.2552232438956522, 'clf__max_depth': 7, 'clf__n_estimators': 212, 'clf__reg_alpha': 0.11152419804708652, 'clf__reg_lambda': 1.8168351125462758, 'clf__subsample': 0.6600221918406489, 'kruskal__k': 430})"
XGBoost,8,0.7575757575757576,1.0,465,"OrderedDict({'clf__colsample_bytree': 0.7416579567942013, 'clf__learning_rate': 0.3, 'clf__max_depth': 3, 'clf__n_estimators': 435, 'clf__reg_alpha': 0.01569599141283851, 'clf__reg_lambda': 1.3962440031250647, 'clf__subsample': 0.6001258280824084, 'kruskal__k': 465})"
XGBoost,9,0.8529411764705882,0.9848484848484849,144,"OrderedDict({'clf__colsample_bytree': 0.7834561016509287, 'clf__learning_rate': 0.3, 'clf__max_depth': 6, 'clf__n_estimators': 245, 'clf__reg_alpha': 1.0, 'clf__reg_lambda': 1.0215407251177036, 'clf__subsample': 0.75662081313551, 'kruskal__k': 144})"
XGBoost,10,0.8181818181818182,1.0,424,"OrderedDict({'clf__colsample_bytree': 0.8981480700341544, 'clf__learning_rate': 0.16609274830962698, 'clf__max_depth': 10, 'clf__n_estimators': 500, 'clf__reg_alpha': 0.8766960241185808, 'clf__reg_lambda': 1.8492513224016283, 'clf__subsample': 0.8498200695108435, 'kruskal__k': 424})"
XGBoost,11,0.7272727272727273,1.0,299,"OrderedDict({'clf__colsample_bytree': 0.9417731014122654, 'clf__learning_rate': 0.10819337819263547, 'clf__max_depth': 10, 'clf__n_estimators': 373, 'clf__reg_alpha': 0.9125031049773282, 'clf__reg_lambda': 1.492500789077986, 'clf__subsample': 0.6, 'kruskal__k': 299})"
XGBoost,12,0.8529411764705882,1.0,387,"OrderedDict({'clf__colsample_bytree': 0.6264880092771276, 'clf__learning_rate': 0.08336952232838903, 'clf__max_depth': 8, 'clf__n_estimators': 295, 'clf__reg_alpha': 0.0, 'clf__reg_lambda': 1.7774122200627023, 'clf__subsample': 0.8801224953952035, 'kruskal__k': 387})"
XGBoost,13,0.9090909090909091,0.9253731343283582,153,"OrderedDict({'clf__colsample_bytree': 0.8854213462279268, 'clf__learning_rate': 0.011568828801671939, 'clf__max_depth': 5, 'clf__n_estimators': 100, 'clf__reg_alpha': 0.4050077969035584, 'clf__reg_lambda': 1.7509378547221712, 'clf__subsample': 0.6455971939302209, 'kruskal__k': 153})"
XGBoost,14,0.8484848484848485,0.9850746268656716,445,"OrderedDict({'clf__colsample_bytree': 0.7953668042726841, 'clf__learning_rate': 0.0037414263900333675, 'clf__max_depth': 6, 'clf__n_estimators': 383, 'clf__reg_alpha': 0.031131678256287015, 'clf__reg_lambda': 1.466958468542256, 'clf__subsample': 0.6, 'kruskal__k': 445})"
XGBoost,15,0.9411764705882353,1.0,607,"OrderedDict({'clf__colsample_bytree': 0.7133786099471825, 'clf__learning_rate': 0.3, 'clf__max_depth': 10, 'clf__n_estimators': 459, 'clf__reg_alpha': 0.8300838879018548, 'clf__reg_lambda': 1.0, 'clf__subsample': 0.6, 'kruskal__k': 607})"
XGBoost,16,0.8181818181818182,0.9850746268656716,150,"OrderedDict({'clf__colsample_bytree': 0.6592720699690833, 'clf__learning_rate': 0.11104085820444812, 'clf__max_depth': 10, 'clf__n_estimators': 500, 'clf__reg_alpha': 0.5259663346010695, 'clf__reg_lambda': 1.0, 'clf__subsample': 0.7199329831984522, 'kruskal__k': 150})"
XGBoost,17,0.7878787878787878,1.0,607,"OrderedDict({'clf__colsample_bytree': 0.8534942519102517, 'clf__learning_rate': 0.3, 'clf__max_depth': 3, 'clf__n_estimators': 100, 'clf__reg_alpha': 1.0, 'clf__reg_lambda': 2.0, 'clf__subsample': 0.6, 'kruskal__k': 607})"
XGBoost,18,0.8529411764705882,1.0,334,"OrderedDict({'clf__colsample_bytree': 1.0, 'clf__learning_rate': 0.1206315581346778, 'clf__max_depth': 3, 'clf__n_estimators': 500, 'clf__reg_alpha': 0.0, 'clf__reg_lambda': 2.0, 'clf__subsample': 0.6, 'kruskal__k': 334})"
XGBoost,19,0.7878787878787878,1.0,362,"OrderedDict({'clf__colsample_bytree': 0.9287337335452583, 'clf__learning_rate': 0.011056396041310802, 'clf__max_depth': 9, 'clf__n_estimators': 416, 'clf__reg_alpha': 0.22773741539539838, 'clf__reg_lambda': 1.1389255125442772, 'clf__subsample': 0.7427979411543941, 'kruskal__k': 362})"
XGBoost,20,0.7272727272727273,1.0,289,"OrderedDict({'clf__colsample_bytree': 0.7442817148074594, 'clf__learning_rate': 0.12451910943969015, 'clf__max_depth': 6, 'clf__n_estimators': 439, 'clf__reg_alpha': 0.18519295191685017, 'clf__reg_lambda': 1.5516461541850086, 'clf__subsample': 0.7815323701588102, 'kruskal__k': 289})"
XGBoost,21,0.9117647058823529,0.9848484848484849,541,"OrderedDict({'clf__colsample_bytree': 0.8251026686745228, 'clf__learning_rate': 0.0977948951904932, 'clf__max_depth': 3, 'clf__n_estimators': 100, 'clf__reg_alpha': 1.0, 'clf__reg_lambda': 1.981963351559646, 'clf__subsample': 0.6, 'kruskal__k': 541})"
XGBoost,22,0.8181818181818182,0.9850746268656716,88,"OrderedDict({'clf__colsample_bytree': 0.955303759237093, 'clf__learning_rate': 0.03490678824916817, 'clf__max_depth': 4, 'clf__n_estimators': 153, 'clf__reg_alpha': 0.7996662948957612, 'clf__reg_lambda': 1.4706380522904072, 'clf__subsample': 0.8068776841971382, 'kruskal__k': 88})"
XGBoost,23,0.9090909090909091,1.0,555,"OrderedDict({'clf__colsample_bytree': 0.776188500637494, 'clf__learning_rate': 0.03968497208266388, 'clf__max_depth': 5, 'clf__n_estimators': 488, 'clf__reg_alpha': 0.8584546542231267, 'clf__reg_lambda': 1.0572811488003984, 'clf__subsample': 0.7757712347782163, 'kruskal__k': 555})"
XGBoost,24,0.8529411764705882,1.0,415,"OrderedDict({'clf__colsample_bytree': 0.7683543578287124, 'clf__learning_rate': 0.022120494144735655, 'clf__max_depth': 3, 'clf__n_estimators': 419, 'clf__reg_alpha': 0.23835811117696462, 'clf__reg_lambda': 1.6461959257542491, 'clf__subsample': 0.6, 'kruskal__k': 415})"
XGBoost,25,0.8181818181818182,1.0,202,"OrderedDict({'clf__colsample_bytree': 0.7349132378926726, 'clf__learning_rate': 0.1113897487776757, 'clf__max_depth': 5, 'clf__n_estimators': 407, 'clf__reg_alpha': 0.5275041735041623, 'clf__reg_lambda': 1.5879847001254794, 'clf__subsample': 0.7671790765416595, 'kruskal__k': 202})"
XGBoost,26,0.7878787878787878,1.0,137,"OrderedDict({'clf__colsample_bytree': 0.8714308144012923, 'clf__learning_rate': 0.07575709675969149, 'clf__max_depth': 3, 'clf__n_estimators': 100, 'clf__reg_alpha': 0.36081528614588715, 'clf__reg_lambda': 1.9709741108173586, 'clf__subsample': 0.6, 'kruskal__k': 137})"
XGBoost,27,0.8529411764705882,1.0,593,"OrderedDict({'clf__colsample_bytree': 0.6, 'clf__learning_rate': 0.05253952313994417, 'clf__max_depth': 10, 'clf__n_estimators': 100, 'clf__reg_alpha': 0.4458295371741475, 'clf__reg_lambda': 2.0, 'clf__subsample': 0.8492157477048785, 'kruskal__k': 593})"
XGBoost,28,0.7878787878787878,0.9850746268656716,607,"OrderedDict({'clf__colsample_bytree': 0.7596460380851083, 'clf__learning_rate': 0.0019273421920418194, 'clf__max_depth': 10, 'clf__n_estimators': 475, 'clf__reg_alpha': 0.0, 'clf__reg_lambda': 1.0, 'clf__subsample': 0.6, 'kruskal__k': 607})"
XGBoost,29,0.6666666666666666,0.9701492537313433,314,"OrderedDict({'clf__colsample_bytree': 0.8748278058269787, 'clf__learning_rate': 0.0068609790631022445, 'clf__max_depth': 3, 'clf__n_estimators': 109, 'clf__reg_alpha': 0.5249542614681699, 'clf__reg_lambda': 1.3816372318465815, 'clf__subsample': 0.9670684351682958, 'kruskal__k': 314})"
XGBoost,30,0.8529411764705882,1.0,607,"OrderedDict({'clf__colsample_bytree': 0.9913226241974924, 'clf__learning_rate': 0.016231578690931857, 'clf__max_depth': 5, 'clf__n_estimators': 154, 'clf__reg_alpha': 0.22048430535417146, 'clf__reg_lambda': 2.0, 'clf__subsample': 0.8154763882364037, 'kruskal__k': 607})"
XGBoost,31,0.7575757575757576,0.9850746268656716,107,"OrderedDict({'clf__colsample_bytree': 0.6, 'clf__learning_rate': 0.3, 'clf__max_depth': 6, 'clf__n_estimators': 458, 'clf__reg_alpha': 0.9590807921454647, 'clf__reg_lambda': 1.512235892646356, 'clf__subsample': 0.9011604423757135, 'kruskal__k': 107})"
XGBoost,32,0.8787878787878788,1.0,426,"OrderedDict({'clf__colsample_bytree': 0.6563031393451069, 'clf__learning_rate': 0.3, 'clf__max_depth': 7, 'clf__n_estimators': 383, 'clf__reg_alpha': 0.5497971838600196, 'clf__reg_lambda': 1.5180107381082464, 'clf__subsample': 0.7230009102930266, 'kruskal__k': 426})"
XGBoost,33,0.7058823529411765,1.0,546,"OrderedDict({'clf__colsample_bytree': 0.8296229118423687, 'clf__learning_rate': 0.046483418766031175, 'clf__max_depth': 3, 'clf__n_estimators': 500, 'clf__reg_alpha': 0.6289088650643136, 'clf__reg_lambda': 1.142892583426473, 'clf__subsample': 0.6641241687717855, 'kruskal__k': 546})"
XGBoost,34,0.8484848484848485,1.0,600,"OrderedDict({'clf__colsample_bytree': 0.8695866236353786, 'clf__learning_rate': 0.3, 'clf__max_depth': 7, 'clf__n_estimators': 500, 'clf__reg_alpha': 0.0, 'clf__reg_lambda': 1.563244407628546, 'clf__subsample': 0.7810140769670053, 'kruskal__k': 600})"
XGBoost,35,0.7575757575757576,1.0,364,"OrderedDict({'clf__colsample_bytree': 0.6668937698599714, 'clf__learning_rate': 0.3, 'clf__max_depth': 8, 'clf__n_estimators': 220, 'clf__reg_alpha': 1.0, 'clf__reg_lambda': 1.124082848286855, 'clf__subsample': 0.6, 'kruskal__k': 364})"
XGBoost,36,0.8235294117647058,1.0,426,"OrderedDict({'clf__colsample_bytree': 0.8528895957616085, 'clf__learning_rate': 0.2018529953304324, 'clf__max_depth': 3, 'clf__n_estimators': 343, 'clf__reg_alpha': 0.2253571864988078, 'clf__reg_lambda': 1.4317869527011962, 'clf__subsample': 0.7723887759970682, 'kruskal__k': 426})"
XGBoost,37,0.8181818181818182,1.0,348,"OrderedDict({'clf__colsample_bytree': 0.8218709820318483, 'clf__learning_rate': 0.07537808087778758, 'clf__max_depth': 5, 'clf__n_estimators': 198, 'clf__reg_alpha': 0.4049492513128393, 'clf__reg_lambda': 1.4137436763488287, 'clf__subsample': 0.8930321001922916, 'kruskal__k': 348})"
XGBoost,38,0.8484848484848485,1.0,461,"OrderedDict({'clf__colsample_bytree': 0.6558784454118802, 'clf__learning_rate': 0.17890339932273827, 'clf__max_depth': 7, 'clf__n_estimators': 405, 'clf__reg_alpha': 0.5383309974185883, 'clf__reg_lambda': 1.683792973357313, 'clf__subsample': 0.7087820078994037, 'kruskal__k': 461})"
XGBoost,39,0.7941176470588235,1.0,306,"OrderedDict({'clf__colsample_bytree': 0.6651581731938317, 'clf__learning_rate': 0.010096363828706358, 'clf__max_depth': 10, 'clf__n_estimators': 383, 'clf__reg_alpha': 0.4903707052426277, 'clf__reg_lambda': 1.0105540595270304, 'clf__subsample': 0.6675069967557454, 'kruskal__k': 306})"
XGBoost,40,0.8787878787878788,1.0,445,"OrderedDict({'clf__colsample_bytree': 0.8302896297615399, 'clf__learning_rate': 0.2675405413833427, 'clf__max_depth': 3, 'clf__n_estimators': 242, 'clf__reg_alpha': 0.20820400777242545, 'clf__reg_lambda': 2.0, 'clf__subsample': 0.6522767404562294, 'kruskal__k': 445})"
XGBoost,41,0.8484848484848485,1.0,607,"OrderedDict({'clf__colsample_bytree': 0.6696244361132005, 'clf__learning_rate': 0.08787420873218794, 'clf__max_depth': 9, 'clf__n_estimators': 434, 'clf__reg_alpha': 0.25260567821016605, 'clf__reg_lambda': 1.6821416535795803, 'clf__subsample': 0.6014264191517259, 'kruskal__k': 607})"
XGBoost,42,0.6470588235294118,1.0,607,"OrderedDict({'clf__colsample_bytree': 0.6, 'clf__learning_rate': 0.3, 'clf__max_depth': 10, 'clf__n_estimators': 500, 'clf__reg_alpha': 1.0, 'clf__reg_lambda': 2.0, 'clf__subsample': 0.6, 'kruskal__k': 607})"
XGBoost,43,0.6666666666666666,1.0,607,"OrderedDict({'clf__colsample_bytree': 1.0, 'clf__learning_rate': 0.21751393519156892, 'clf__max_depth': 4, 'clf__n_estimators': 363, 'clf__reg_alpha': 1.0, 'clf__reg_lambda': 2.0, 'clf__subsample': 0.701761167954577, 'kruskal__k': 607})"
XGBoost,44,0.9696969696969697,1.0,607,"OrderedDict({'clf__colsample_bytree': 0.6, 'clf__learning_rate': 0.3, 'clf__max_depth': 3, 'clf__n_estimators': 323, 'clf__reg_alpha': 0.4446795981038881, 'clf__reg_lambda': 1.4744448153846659, 'clf__subsample': 0.7028259267320512, 'kruskal__k': 607})"
XGBoost,45,0.7647058823529411,1.0,544,"OrderedDict({'clf__colsample_bytree': 0.8266230033473043, 'clf__learning_rate': 0.02353451272486016, 'clf__max_depth': 6, 'clf__n_estimators': 349, 'clf__reg_alpha': 0.483875328555001, 'clf__reg_lambda': 1.5198206562792302, 'clf__subsample': 0.7728034106109736, 'kruskal__k': 544})"
XGBoost,46,0.7878787878787878,1.0,589,"OrderedDict({'clf__colsample_bytree': 0.6899461752676205, 'clf__learning_rate': 0.3, 'clf__max_depth': 5, 'clf__n_estimators': 398, 'clf__reg_alpha': 1.0, 'clf__reg_lambda': 1.844448476002229, 'clf__subsample': 1.0, 'kruskal__k': 589})"
XGBoost,47,0.8787878787878788,1.0,576,"OrderedDict({'clf__colsample_bytree': 0.9647675781695264, 'clf__learning_rate': 0.02452461505127246, 'clf__max_depth': 10, 'clf__n_estimators': 234, 'clf__reg_alpha': 0.982124126879937, 'clf__reg_lambda': 1.758611862354425, 'clf__subsample': 0.7647183685573754, 'kruskal__k': 576})"
XGBoost,48,0.7647058823529411,1.0,562,"OrderedDict({'clf__colsample_bytree': 0.6571056266962235, 'clf__learning_rate': 0.141596154382332, 'clf__max_depth': 8, 'clf__n_estimators': 163, 'clf__reg_alpha': 0.5058854122105261, 'clf__reg_lambda': 1.2185487619182829, 'clf__subsample': 0.7810996306626202, 'kruskal__k': 562})"
XGBoost,49,0.7878787878787878,1.0,382,"OrderedDict({'clf__colsample_bytree': 0.6938713328100701, 'clf__learning_rate': 0.11345839766597426, 'clf__max_depth': 6, 'clf__n_estimators': 129, 'clf__reg_alpha': 0.029007471189940966, 'clf__reg_lambda': 1.1537325691647278, 'clf__subsample': 0.6983136429981289, 'kruskal__k': 382})"
XGBoost,50,0.7575757575757576,1.0,301,"OrderedDict({'clf__colsample_bytree': 0.903336683085279, 'clf__learning_rate': 0.029709496132759784, 'clf__max_depth': 6, 'clf__n_estimators': 500, 'clf__reg_alpha': 0.9504063003628624, 'clf__reg_lambda': 1.4592521197319714, 'clf__subsample': 0.640277598697815, 'kruskal__k': 301})"
XGBoost,51,0.8529411764705882,0.9848484848484849,607,"OrderedDict({'clf__colsample_bytree': 0.8701291200223882, 'clf__learning_rate': 0.0029135241531609312, 'clf__max_depth': 8, 'clf__n_estimators': 341, 'clf__reg_alpha': 0.0910980338450735, 'clf__reg_lambda': 1.0, 'clf__subsample': 0.6907294696541814, 'kruskal__k': 607})"
XGBoost,52,0.8484848484848485,1.0,529,"OrderedDict({'clf__colsample_bytree': 0.7634593794082196, 'clf__learning_rate': 0.026912755844026297, 'clf__max_depth': 10, 'clf__n_estimators': 254, 'clf__reg_alpha': 0.8266542290111344, 'clf__reg_lambda': 1.1233059485140946, 'clf__subsample': 0.6392312072029144, 'kruskal__k': 529})"
XGBoost,53,0.8787878787878788,1.0,501,"OrderedDict({'clf__colsample_bytree': 0.9907744497537181, 'clf__learning_rate': 0.3, 'clf__max_depth': 6, 'clf__n_estimators': 294, 'clf__reg_alpha': 0.3969447653883854, 'clf__reg_lambda': 1.6000173487220333, 'clf__subsample': 0.68226389454031, 'kruskal__k': 501})"
XGBoost,54,0.8529411764705882,1.0,607,"OrderedDict({'clf__colsample_bytree': 0.8279204239817057, 'clf__learning_rate': 0.025671091183040815, 'clf__max_depth': 3, 'clf__n_estimators': 500, 'clf__reg_alpha': 0.21357504660302729, 'clf__reg_lambda': 1.0, 'clf__subsample': 0.6250434943609186, 'kruskal__k': 607})"
XGBoost,55,0.7575757575757576,1.0,341,"OrderedDict({'clf__colsample_bytree': 0.9075030196780696, 'clf__learning_rate': 0.01584138955509423, 'clf__max_depth': 5, 'clf__n_estimators': 500, 'clf__reg_alpha': 0.0, 'clf__reg_lambda': 1.0, 'clf__subsample': 0.9001572160836544, 'kruskal__k': 341})"
XGBoost,56,0.8484848484848485,1.0,557,"OrderedDict({'clf__colsample_bytree': 0.9916098650532508, 'clf__learning_rate': 0.3, 'clf__max_depth': 4, 'clf__n_estimators': 100, 'clf__reg_alpha': 0.4008791192936265, 'clf__reg_lambda': 1.4267759428383815, 'clf__subsample': 0.6, 'kruskal__k': 557})"
XGBoost,57,0.7647058823529411,1.0,499,"OrderedDict({'clf__colsample_bytree': 0.9248498035116588, 'clf__learning_rate': 0.07989861269254697, 'clf__max_depth': 8, 'clf__n_estimators': 147, 'clf__reg_alpha': 1.0, 'clf__reg_lambda': 1.0, 'clf__subsample': 0.8498356815147209, 'kruskal__k': 499})"
XGBoost,58,0.8484848484848485,0.9850746268656716,101,"OrderedDict({'clf__colsample_bytree': 0.7234867507143405, 'clf__learning_rate': 0.018026322626639828, 'clf__max_depth': 5, 'clf__n_estimators': 236, 'clf__reg_alpha': 0.9830270973820687, 'clf__reg_lambda': 1.7862502807269607, 'clf__subsample': 0.7528503869103751, 'kruskal__k': 101})"
XGBoost,59,0.7575757575757576,1.0,229,"OrderedDict({'clf__colsample_bytree': 0.9974596907515185, 'clf__learning_rate': 0.004240303429558768, 'clf__max_depth': 10, 'clf__n_estimators': 477, 'clf__reg_alpha': 0.5808564377097192, 'clf__reg_lambda': 1.7420978324941605, 'clf__subsample': 0.9890408047628659, 'kruskal__k': 229})"
XGBoost,60,0.8529411764705882,0.9848484848484849,385,"OrderedDict({'clf__colsample_bytree': 0.6676832506790854, 'clf__learning_rate': 0.004281048892362404, 'clf__max_depth': 5, 'clf__n_estimators': 236, 'clf__reg_alpha': 0.028833170191726938, 'clf__reg_lambda': 1.2152912851145408, 'clf__subsample': 0.7140141765638987, 'kruskal__k': 385})"
XGBoost,61,0.9090909090909091,1.0,607,"OrderedDict({'clf__colsample_bytree': 0.6, 'clf__learning_rate': 0.06391445831622221, 'clf__max_depth': 6, 'clf__n_estimators': 500, 'clf__reg_alpha': 1.0, 'clf__reg_lambda': 1.714575919515089, 'clf__subsample': 0.6, 'kruskal__k': 607})"
XGBoost,62,0.6363636363636364,1.0,563,"OrderedDict({'clf__colsample_bytree': 0.8615018787026517, 'clf__learning_rate': 0.0028323084170157335, 'clf__max_depth': 7, 'clf__n_estimators': 441, 'clf__reg_alpha': 0.07665555194915454, 'clf__reg_lambda': 1.5399624299482437, 'clf__subsample': 0.7904200929886532, 'kruskal__k': 563})"
XGBoost,63,0.7647058823529411,1.0,538,"OrderedDict({'clf__colsample_bytree': 0.7465881060493503, 'clf__learning_rate': 0.2706100055827371, 'clf__max_depth': 5, 'clf__n_estimators': 173, 'clf__reg_alpha': 0.2937486123287093, 'clf__reg_lambda': 1.078085493473091, 'clf__subsample': 0.8022134354877154, 'kruskal__k': 538})"
XGBoost,64,0.8484848484848485,1.0,248,"OrderedDict({'clf__colsample_bytree': 0.6, 'clf__learning_rate': 0.3, 'clf__max_depth': 7, 'clf__n_estimators': 294, 'clf__reg_alpha': 0.35369930024932866, 'clf__reg_lambda': 1.8974393513398293, 'clf__subsample': 0.6722262808599108, 'kruskal__k': 248})"
XGBoost,65,0.8787878787878788,0.9701492537313433,354,"OrderedDict({'clf__colsample_bytree': 0.7111075465670105, 'clf__learning_rate': 0.0042881081418165625, 'clf__max_depth': 3, 'clf__n_estimators': 500, 'clf__reg_alpha': 0.0, 'clf__reg_lambda': 2.0, 'clf__subsample': 0.6, 'kruskal__k': 354})"
XGBoost,66,0.8529411764705882,1.0,327,"OrderedDict({'clf__colsample_bytree': 0.8153539667533176, 'clf__learning_rate': 0.13873806850546097, 'clf__max_depth': 4, 'clf__n_estimators': 332, 'clf__reg_alpha': 0.2559457646285567, 'clf__reg_lambda': 1.6587483459097503, 'clf__subsample': 0.7034679350288784, 'kruskal__k': 327})"
XGBoost,67,0.8484848484848485,1.0,208,"OrderedDict({'clf__colsample_bytree': 0.6110120690910388, 'clf__learning_rate': 0.050398378657923015, 'clf__max_depth': 4, 'clf__n_estimators': 210, 'clf__reg_alpha': 0.6605187653209006, 'clf__reg_lambda': 1.322426874458183, 'clf__subsample': 0.6021755432553122, 'kruskal__k': 208})"
XGBoost,68,0.8181818181818182,1.0,479,"OrderedDict({'clf__colsample_bytree': 0.6, 'clf__learning_rate': 0.3, 'clf__max_depth': 3, 'clf__n_estimators': 500, 'clf__reg_alpha': 0.0, 'clf__reg_lambda': 1.3744706661426438, 'clf__subsample': 0.6, 'kruskal__k': 479})"
XGBoost,69,0.8529411764705882,1.0,417,"OrderedDict({'clf__colsample_bytree': 0.8897167427872319, 'clf__learning_rate': 0.0858617528386278, 'clf__max_depth': 4, 'clf__n_estimators': 182, 'clf__reg_alpha': 1.0, 'clf__reg_lambda': 1.9180657684297935, 'clf__subsample': 0.993488052239839, 'kruskal__k': 417})"
XGBoost,70,0.7575757575757576,1.0,211,"OrderedDict({'clf__colsample_bytree': 0.6, 'clf__learning_rate': 0.12265729177413605, 'clf__max_depth': 4, 'clf__n_estimators': 189, 'clf__reg_alpha': 0.42562392142287625, 'clf__reg_lambda': 1.6015246481332852, 'clf__subsample': 0.816829597571219, 'kruskal__k': 211})"
XGBoost,71,0.8181818181818182,1.0,607,"OrderedDict({'clf__colsample_bytree': 0.8400286519079402, 'clf__learning_rate': 0.0483600702651764, 'clf__max_depth': 9, 'clf__n_estimators': 174, 'clf__reg_alpha': 1.0, 'clf__reg_lambda': 1.0, 'clf__subsample': 0.646083706998538, 'kruskal__k': 607})"
XGBoost,72,0.8529411764705882,0.9696969696969697,364,"OrderedDict({'clf__colsample_bytree': 0.8687955604180129, 'clf__learning_rate': 0.0030409844659021685, 'clf__max_depth': 9, 'clf__n_estimators': 435, 'clf__reg_alpha': 0.25715750048301617, 'clf__reg_lambda': 1.2785017709297544, 'clf__subsample': 0.8022448962359978, 'kruskal__k': 364})"
XGBoost,73,0.7878787878787878,1.0,207,"OrderedDict({'clf__colsample_bytree': 0.651944578038304, 'clf__learning_rate': 0.15340221541660212, 'clf__max_depth': 8, 'clf__n_estimators': 225, 'clf__reg_alpha': 0.7977768242996813, 'clf__reg_lambda': 1.0809640560000304, 'clf__subsample': 0.6663289833717961, 'kruskal__k': 207})"
XGBoost,74,0.7272727272727273,1.0,441,"OrderedDict({'clf__colsample_bytree': 0.6, 'clf__learning_rate': 0.14302012364915526, 'clf__max_depth': 9, 'clf__n_estimators': 434, 'clf__reg_alpha': 0.0, 'clf__reg_lambda': 1.0, 'clf__subsample': 0.7174040698507965, 'kruskal__k': 441})"
XGBoost,75,0.7941176470588235,0.9848484848484849,84,"OrderedDict({'clf__colsample_bytree': 0.8322494739345564, 'clf__learning_rate': 0.04436874891663017, 'clf__max_depth': 7, 'clf__n_estimators': 240, 'clf__reg_alpha': 0.45801027242991277, 'clf__reg_lambda': 1.222782268089843, 'clf__subsample': 0.991145790239567, 'kruskal__k': 84})"
XGBoost,76,0.7878787878787878,1.0,514,"OrderedDict({'clf__colsample_bytree': 0.9064263614155545, 'clf__learning_rate': 0.04317968284980734, 'clf__max_depth': 3, 'clf__n_estimators': 500, 'clf__reg_alpha': 0.8505135462625009, 'clf__reg_lambda': 1.8064119007865291, 'clf__subsample': 0.6, 'kruskal__k': 514})"
XGBoost,77,0.8181818181818182,1.0,607,"OrderedDict({'clf__colsample_bytree': 1.0, 'clf__learning_rate': 0.3, 'clf__max_depth': 9, 'clf__n_estimators': 276, 'clf__reg_alpha': 0.17010573493143136, 'clf__reg_lambda': 2.0, 'clf__subsample': 0.6, 'kruskal__k': 607})"
XGBoost,78,0.7647058823529411,0.9848484848484849,607,"OrderedDict({'clf__colsample_bytree': 0.8022568946016799, 'clf__learning_rate': 0.020623484337263423, 'clf__max_depth': 3, 'clf__n_estimators': 237, 'clf__reg_alpha': 0.8462370596417957, 'clf__reg_lambda': 1.043463169858149, 'clf__subsample': 1.0, 'kruskal__k': 607})"
XGBoost,79,0.7878787878787878,1.0,607,"OrderedDict({'clf__colsample_bytree': 0.9252223251120103, 'clf__learning_rate': 0.023074179645977005, 'clf__max_depth': 5, 'clf__n_estimators': 409, 'clf__reg_alpha': 1.0, 'clf__reg_lambda': 1.3774993922396448, 'clf__subsample': 0.7655240676248412, 'kruskal__k': 607})"
XGBoost,80,0.7878787878787878,1.0,424,"OrderedDict({'clf__colsample_bytree': 0.7983323229673663, 'clf__learning_rate': 0.03557435379340066, 'clf__max_depth': 9, 'clf__n_estimators': 445, 'clf__reg_alpha': 0.67828543460535, 'clf__reg_lambda': 1.7610183579990077, 'clf__subsample': 0.6868488307847264, 'kruskal__k': 424})"
XGBoost,81,0.8235294117647058,1.0,310,"OrderedDict({'clf__colsample_bytree': 0.9394668976762647, 'clf__learning_rate': 0.1174372419297577, 'clf__max_depth': 7, 'clf__n_estimators': 445, 'clf__reg_alpha': 0.9767177127733977, 'clf__reg_lambda': 1.9934783742408664, 'clf__subsample': 0.9753538442262415, 'kruskal__k': 310})"
XGBoost,82,0.8484848484848485,1.0,382,"OrderedDict({'clf__colsample_bytree': 0.9819590833434764, 'clf__learning_rate': 0.1909780361721405, 'clf__max_depth': 10, 'clf__n_estimators': 432, 'clf__reg_alpha': 0.035868958289300264, 'clf__reg_lambda': 1.8200845282336098, 'clf__subsample': 0.6629669463125956, 'kruskal__k': 382})"
XGBoost,83,0.7878787878787878,1.0,481,"OrderedDict({'clf__colsample_bytree': 0.8520784892896262, 'clf__learning_rate': 0.11327763412624163, 'clf__max_depth': 7, 'clf__n_estimators': 100, 'clf__reg_alpha': 1.0, 'clf__reg_lambda': 1.2990599323678644, 'clf__subsample': 0.8713961533136168, 'kruskal__k': 481})"
XGBoost,84,0.7647058823529411,0.9848484848484849,607,"OrderedDict({'clf__colsample_bytree': 1.0, 'clf__learning_rate': 0.005246148094886335, 'clf__max_depth': 10, 'clf__n_estimators': 332, 'clf__reg_alpha': 0.0, 'clf__reg_lambda': 2.0, 'clf__subsample': 0.6, 'kruskal__k': 607})"
XGBoost,85,0.8787878787878788,1.0,539,"OrderedDict({'clf__colsample_bytree': 0.9730918640066729, 'clf__learning_rate': 0.009754268875047637, 'clf__max_depth': 5, 'clf__n_estimators': 428, 'clf__reg_alpha': 0.125597591640637, 'clf__reg_lambda': 1.8715722108708612, 'clf__subsample': 0.7901726012911867, 'kruskal__k': 539})"
XGBoost,86,0.8787878787878788,1.0,263,"OrderedDict({'clf__colsample_bytree': 0.7506138172099626, 'clf__learning_rate': 0.3, 'clf__max_depth': 10, 'clf__n_estimators': 500, 'clf__reg_alpha': 1.0, 'clf__reg_lambda': 1.0, 'clf__subsample': 0.6, 'kruskal__k': 263})"
XGBoost,87,0.7647058823529411,1.0,292,"OrderedDict({'clf__colsample_bytree': 0.6547159032636252, 'clf__learning_rate': 0.10639167119774938, 'clf__max_depth': 4, 'clf__n_estimators': 430, 'clf__reg_alpha': 0.59871486558401, 'clf__reg_lambda': 1.751181751026528, 'clf__subsample': 0.6739797617324363, 'kruskal__k': 292})"
XGBoost,88,0.9090909090909091,1.0,527,"OrderedDict({'clf__colsample_bytree': 0.7660865236101533, 'clf__learning_rate': 0.08248990835394436, 'clf__max_depth': 10, 'clf__n_estimators': 440, 'clf__reg_alpha': 0.3780644421216763, 'clf__reg_lambda': 1.5310230741213218, 'clf__subsample': 0.6, 'kruskal__k': 527})"
XGBoost,89,0.8484848484848485,0.9850746268656716,83,"OrderedDict({'clf__colsample_bytree': 0.6, 'clf__learning_rate': 0.16992184282205042, 'clf__max_depth': 4, 'clf__n_estimators': 494, 'clf__reg_alpha': 0.4114969980334359, 'clf__reg_lambda': 1.9912103703505224, 'clf__subsample': 0.7351135659054506, 'kruskal__k': 83})"
